industry_id:ID(Industry-ID),name,:LABEL
industry_a2fac045945aa8bb,IT服务,Industry
industry_d1ebe8dcc9bb9f16,"IT服务,IT服务",Industry
industry_77062e065f753688,"IT服务,IT服务,云计算/大数据,互联网",Industry
industry_cbfb3b11996bd404,"IT服务,IT服务,计算机软件,专业技术服务",Industry
industry_107da78593b1e94e,"IT服务,IT服务,通信/网络设备,互联网",Industry
industry_3efd569030c81fc9,"IT服务,IT服务,通信/网络设备,电子/半导体/集成电路",Industry
industry_b916bc2995c9fe47,"IT服务,专业技术服务",Industry
industry_b34e12e43d767575,"IT服务,云计算/大数据",Industry
industry_ea3e4dbddf7f17ad,"IT服务,云计算/大数据,IT服务,计算机软件",Industry
industry_4dd57e6823b7fb99,"IT服务,云计算/大数据,计算机软件,人工智能",Industry
industry_13a97f3258360b51,"IT服务,云计算/大数据,计算机软件,通信/网络设备",Industry
industry_be49e542523d1544,"IT服务,互联网",Industry
industry_3448ac18f205e526,"IT服务,互联网,云计算/大数据,专业技术服务",Industry
industry_e6fc41fecea4aa88,"IT服务,互联网,咨询服务",Industry
industry_0d66b40b99801763,"IT服务,互联网,计算机硬件,计算机软件",Industry
industry_9a5afbe2f299d84d,"IT服务,互联网,计算机软件",Industry
industry_a4d0ed65fa39884f,"IT服务,互联网,运营商/增值服务,证券/期货",Industry
industry_4835c6d00e2ecc9c,"IT服务,互联网,运营商/增值服务,通信/网络设备",Industry
industry_12d0756cb3750aa0,"IT服务,人力资源服务",Industry
industry_a67309b45c99d9c5,"IT服务,人工智能",Industry
industry_6a4a9ab487c62885,"IT服务,人工智能,IT服务,互联网",Industry
industry_30f54dc2ecc40fa9,"IT服务,人工智能,云计算/大数据,通信/网络设备",Industry
industry_1882b4d3c29860d1,"IT服务,人工智能,物联网,计算机硬件",Industry
industry_49cecaae780215f3,"IT服务,仪器仪表制造,计算机软件,物联网",Industry
industry_712af9582e6de73f,"IT服务,企业服务",Industry
industry_b0284afde896d35a,"IT服务,医疗设备/器械,计算机软件,计算机硬件",Industry
industry_cae8d1bba6cbbf7f,"IT服务,客运服务,快速消费品,互联网",Industry
industry_1e16329ebce6a64d,"IT服务,工程技术与设计服务,运营商/增值服务,云计算/大数据",Industry
industry_b1b6892558acec7a,"IT服务,广告/营销,电力/水利/热力/燃气,广播/影视",Industry
industry_b58cc0581e64f0b1,"IT服务,检测/认证,船舶/航空/航天/火车制造",Industry
industry_f05e133bbcfa0824,"IT服务,物联网,计算机软件",Industry
industry_2b158b2682550628,"IT服务,电力/水利/热力/燃气",Industry
industry_b6a5f79fbee38478,"IT服务,电力/水利/热力/燃气,电气机械/电力设备,石油/石化",Industry
industry_d651688958224120,"IT服务,电力/水利/热力/燃气,通信/网络设备,互联网",Industry
industry_f74cf60fdcccbf2a,"IT服务,电子/半导体/集成电路",Industry
industry_d914a5b039673a77,"IT服务,电子/半导体/集成电路,计算机软件",Industry
industry_c8df9d5d33df9a5f,"IT服务,电子商务",Industry
industry_845dbed95794ee77,"IT服务,网络/信息安全",Industry
industry_1b70a17ead8b70d2,"IT服务,网络/信息安全,云计算/大数据,计算机硬件",Industry
industry_19659c9bfcf02e31,"IT服务,网络/信息安全,计算机软件,物联网",Industry
industry_51092e2086259104,"IT服务,计算机硬件",Industry
industry_0cc2ba01e53570f4,"IT服务,计算机硬件,专业技术服务,通信/网络设备",Industry
industry_60ef59393f35f702,"IT服务,计算机硬件,电子/半导体/集成电路,电力/水利/热力/燃气",Industry
industry_4be487d2e4470863,"IT服务,计算机硬件,计算机软件",Industry
industry_4db7fd1b12b1a99c,"IT服务,计算机硬件,计算机软件,互联网",Industry
industry_bedfe56619f9dcdd,"IT服务,计算机硬件,计算机软件,咨询服务",Industry
industry_0d84c8f7917b7ac9,"IT服务,计算机硬件,计算机软件,电子/半导体/集成电路",Industry
industry_7abb02f23b3034ea,"IT服务,计算机硬件,计算机软件,通信/网络设备",Industry
industry_c42efc2f2c5b6e1c,"IT服务,计算机硬件,通信/网络设备",Industry
industry_1019e5f7295c1c67,"IT服务,计算机硬件,通信/网络设备,专业技术服务",Industry
industry_d2624f949680948c,"IT服务,计算机软件",Industry
industry_16753dbefbb8e876,"IT服务,计算机软件,IT服务",Industry
industry_fb025d7abc8decc7,"IT服务,计算机软件,云计算/大数据,人工智能",Industry
industry_b1007a14a3fe4d03,"IT服务,计算机软件,互联网",Industry
industry_ba1fd88d0428c22f,"IT服务,计算机软件,互联网,云计算/大数据",Industry
industry_adff3ef3295e56a6,"IT服务,计算机软件,互联网,电子/半导体/集成电路",Industry
industry_de0181e580d6e79d,"IT服务,计算机软件,互联网,社团/组织/社会保障",Industry
industry_0abb8cd203b308be,"IT服务,计算机软件,互联网,通信/网络设备",Industry
industry_0ea23cb5b3390775,"IT服务,计算机软件,企业服务,云计算/大数据",Industry
industry_7907d7b70ab0a071,"IT服务,计算机软件,咨询服务,IT服务",Industry
industry_213d4f0b93ca90db,"IT服务,计算机软件,电子/半导体/集成电路",Industry
industry_4446a828b8167ca4,"IT服务,计算机软件,矿产/采掘",Industry
industry_3216e7ebb4a12eed,"IT服务,计算机软件,网络/信息安全,检测/认证",Industry
industry_59ff21a327d33f2b,"IT服务,计算机软件,计算机硬件",Industry
industry_158827993f396a57,"IT服务,计算机软件,计算机硬件,互联网",Industry
industry_a884c0db7b9c94c5,"IT服务,计算机软件,计算机硬件,企业服务",Industry
industry_972fa80ab4c81cd5,"IT服务,计算机软件,计算机硬件,通信/网络设备",Industry
industry_baa22c3e6530575b,"IT服务,计算机软件,运营商/增值服务,计算机硬件",Industry
industry_2b9766052388af5c,"IT服务,计算机软件,运营商/增值服务,通信/网络设备",Industry
industry_1abb0ffe44a3b363,"IT服务,计算机软件,通信/网络设备,互联网",Industry
industry_1d5858bd3b56dac1,"IT服务,计算机软件,通信/网络设备,电子/半导体/集成电路",Industry
industry_219e4f793d781b8e,"IT服务,计算机软件,通信/网络设备,计算机硬件",Industry
industry_69c817dad03ce4bf,"IT服务,证券/期货,互联网",Industry
industry_aef229931993de82,"IT服务,运营商/增值服务",Industry
industry_fba82c1faa57ea51,"IT服务,运营商/增值服务,云计算/大数据,网络/信息安全",Industry
industry_c3648974154c7eaa,"IT服务,运营商/增值服务,计算机软件,通信/网络设备",Industry
industry_7c671d97196583b2,"IT服务,运营商/增值服务,通信/网络设备",Industry
industry_7e3792bddced09e6,"IT服务,通信/网络设备,IT服务,互联网",Industry
industry_d55bf28b1b34e20f,"IT服务,通信/网络设备,计算机软件,电子/半导体/集成电路",Industry
industry_d2c063f337e67c7c,专业技术服务,Industry
industry_129ff22fb9328544,"专业技术服务,IT服务",Industry
industry_69512f96f2cf68cd,"专业技术服务,IT服务,物业管理,专业技术服务",Industry
industry_cfefbabf213c6431,"专业技术服务,IT服务,计算机硬件,计算机软件",Industry
industry_4170263606f0ffa1,"专业技术服务,IT服务,计算机软件,互联网",Industry
industry_a83cc763349362d3,"专业技术服务,专业技术服务",Industry
industry_5cc25be47d672131,"专业技术服务,互联网",Industry
industry_4f63bf863ab6b1b8,"专业技术服务,人工智能,云计算/大数据,IT服务",Industry
industry_b4b1d03f119781fc,"专业技术服务,咨询服务,工程技术与设计服务",Industry
industry_c1fbd8830db54469,"专业技术服务,工程技术与设计服务,专业技术服务,咨询服务",Industry
industry_1975bbb50d54f785,"专业技术服务,物联网",Industry
industry_f26a0e5348abeadb,"专业技术服务,物联网,计算机硬件,电力/水利/热力/燃气",Industry
industry_4d5dd9af5b7c8aa6,"专业技术服务,物联网,计算机软件,电子/半导体/集成电路",Industry
industry_8f8cc3eee684a125,"专业技术服务,电子商务,云计算/大数据,专业技术服务",Industry
industry_1466d1d521dc87e2,"专业技术服务,石油/石化,人工智能,物联网",Industry
industry_6be0160b524760a4,"专业技术服务,证券/期货,投资/融资,计算机软件",Industry
industry_4b541583c4a90d24,"专业技术服务,运营商/增值服务,居民服务,咨询服务",Industry
industry_51ed32ded27bb27e,"专业技术服务,通信/网络设备,IT服务,网络/信息安全",Industry
industry_c63577551e485394,"专利/商标/知识产权,专业技术服务,文化艺术/娱乐,云计算/大数据",Industry
industry_55cdbbb202bd20a2,"专利/商标/知识产权,专利/商标/知识产权",Industry
industry_264cf1d101d91518,专用设备制造,Industry
industry_8d844f74f83c2a5f,"专用设备制造,专用设备制造",Industry
industry_5b1e8323cdad37c5,"专用设备制造,专用设备制造,工业自动化,光电子行业",Industry
industry_698295c911503f0c,"专用设备制造,人工智能,专用设备制造,工业自动化",Industry
industry_a5a8d8b4f08c4826,"专用设备制造,医疗设备/器械",Industry
industry_9e13637b8a4710f6,"专用设备制造,工业自动化,专用设备制造,通用设备制造",Industry
industry_cc0162f27d5209bf,"专用设备制造,电子/半导体/集成电路",Industry
industry_ffed59c3c5eb7faf,"专用设备制造,计算机软件",Industry
industry_03017041a1bb209f,"专用设备制造,邮政/快递",Industry
industry_bf6626f4d96eb9fc,云计算/大数据,Industry
industry_ab3b1b642907a5b3,"云计算/大数据,IT服务",Industry
industry_1aabc04cc2e991c0,"云计算/大数据,IT服务,计算机软件,计算机硬件",Industry
industry_44a36fcb0f0ed38a,"云计算/大数据,云计算/大数据,网络/信息安全",Industry
industry_c589bb17878ff37d,"云计算/大数据,云计算/大数据,计算机软件,计算机硬件",Industry
industry_fac0de325788b8f9,"云计算/大数据,互联网",Industry
industry_56497356ca1173f6,"云计算/大数据,人工智能",Industry
industry_848aa42fc4f5efd5,"云计算/大数据,建筑设备安装,工程施工,物联网",Industry
industry_368b16baa09e60dd,"云计算/大数据,新媒体",Industry
industry_fde829a30b550055,"云计算/大数据,新能源",Industry
industry_191e928d62ec1993,"云计算/大数据,网络/信息安全,IT服务,计算机硬件",Industry
industry_2bf3313955903e81,"云计算/大数据,计算机软件,人工智能,网络/信息安全",Industry
industry_8f0963ec9c4fb042,"云计算/大数据,计算机软件,检测/认证,物联网",Industry
industry_f27b59fafea3e9ff,互联网,Industry
industry_71fc4a0fa16a3b7a,"互联网,IT服务",Industry
industry_8f362bfdd2551d42,"互联网,IT服务,互联网",Industry
industry_c23db19e866f92a0,"互联网,IT服务,卫生服务",Industry
industry_8a120b12f74e5a92,"互联网,IT服务,电子/半导体/集成电路",Industry
industry_2b1c4b77b41b4285,"互联网,IT服务,网络/信息安全,互联网",Industry
industry_1f659f7eb580612c,"互联网,IT服务,计算机硬件,计算机软件",Industry
industry_dd2785e67e7675b9,"互联网,IT服务,计算机软件",Industry
industry_91f2d63d71f4f66f,"互联网,IT服务,计算机软件,电子商务",Industry
industry_0310aee56b1a1184,"互联网,IT服务,运营商/增值服务,计算机软件",Industry
industry_c9d754b6be072d67,"互联网,专业技术服务,IT服务",Industry
industry_026a8259a2bea16f,"互联网,云计算/大数据",Industry
industry_1731c1bece7abe4a,"互联网,云计算/大数据,互联网,网络/信息安全",Industry
industry_dece44e51bcef520,"互联网,互联网",Industry
industry_4ac2f8bcb588769c,"互联网,互联网,人工智能",Industry
industry_ecdb4cb9a6b54216,"互联网,互联网,在线生活服务（O2O）,云计算/大数据",Industry
industry_c84dedf1cf501104,"互联网,人力资源服务",Industry
industry_18a5e247599038bf,"互联网,人工智能,云计算/大数据",Industry
industry_ae4a1b945d3e0978,"互联网,企业服务",Industry
industry_8fcbb83d7aaa0407,"互联网,企业服务,IT服务,电子商务",Industry
industry_1bb8f67607d5b655,"互联网,企业服务,互联网",Industry
industry_83aab5938be92730,"互联网,企业服务,计算机软件,互联网",Industry
industry_848abeef01c7407b,"互联网,卫生服务,贸易/进出口,计算机软件",Industry
industry_b2ac7fc47f23be1c,"互联网,咨询服务,互联网,云计算/大数据",Industry
industry_635122fe85a8e3a0,"互联网,咨询服务,学术/科研,社团/组织/社会保障",Industry
industry_178523105852c374,"互联网,咨询服务,计算机软件",Industry
industry_95d83edc566e0248,"互联网,在线生活服务（O2O）",Industry
industry_6106cc8de35af1e2,"互联网,培训/辅导服务,咨询服务,房地产中介",Industry
industry_27ef3d6085cc49f9,"互联网,广播/影视",Industry
industry_be84963f705e49a8,"互联网,房地产中介",Industry
industry_54025496a556f5d2,"互联网,游戏",Industry
industry_f90cc432f150bced,"互联网,物联网,云计算/大数据",Industry
industry_37195dc89a981c82,"互联网,物联网,互联网",Industry
industry_1d60c52a6b4cf8b8,"互联网,物联网,人工智能,通信/网络设备",Industry
industry_102be531ba2c6bc0,"互联网,电子/半导体/集成电路,互联网",Industry
industry_e5ef6eecfdba2d3b,"互联网,电子/半导体/集成电路,社团/组织/社会保障,IT服务",Industry
industry_dd18b6f04218c662,"互联网,电子商务",Industry
industry_233cc5eb332b3cb1,"互联网,电子商务,咨询服务",Industry
industry_ed424450772376f9,"互联网,电子商务,计算机软件,IT服务",Industry
industry_2eed8513f5f0bbfc,"互联网,网络/信息安全",Industry
industry_12316fed2d463c03,"互联网,计算机硬件,计算机软件,IT服务",Industry
industry_a3d08750994a4244,"互联网,计算机硬件,计算机软件,电子/半导体/集成电路",Industry
industry_cf8e812d8b19cc7c,"互联网,计算机软件",Industry
industry_8eb66270f22befe9,"互联网,计算机软件,IT服务",Industry
industry_f3380896340c3da5,"互联网,计算机软件,IT服务,网络/信息安全",Industry
industry_f7f50c9220e740fd,"互联网,计算机软件,互联网,IT服务",Industry
industry_c24b6112f3d0c924,"互联网,计算机软件,物联网,居民服务",Industry
industry_3089aaf83219bb93,"互联网,计算机软件,网络/信息安全",Industry
industry_c6ae0c6df594613f,"互联网,计算机软件,网络/信息安全,通信/网络设备",Industry
industry_661c747ceb858695,"互联网,计算机软件,船舶/航空/航天/火车制造,电子/半导体/集成电路",Industry
industry_5ac5246460502314,"互联网,计算机软件,计算机硬件,通信/网络设备",Industry
industry_fef321269326d5d3,"互联网,贸易/进出口",Industry
industry_a9022604f69c5fd4,"互联网,运营商/增值服务,电子商务,IT服务",Industry
industry_3842ee3e43958041,"互联网,运营商/增值服务,计算机软件",Industry
industry_70d48ee151d5f750,"互联网,运营商/增值服务,通信/网络设备",Industry
industry_a1438975db00efa1,"互联网,通信/网络设备,运营商/增值服务,IT服务",Industry
industry_18b5b1293cbd4a2e,"互联网,零售/批发",Industry
industry_47ddc4f2efcea7a0,"互联网,零售/批发,证券/期货,计算机软件",Industry
industry_47177ac07f7c77d2,互联网金融/小额贷款,Industry
industry_509b8e3bfd504487,"互联网金融/小额贷款,互联网",Industry
industry_bbfa4047818efb28,"互联网金融/小额贷款,互联网金融/小额贷款",Industry
industry_4ded0541b052ab99,人力资源服务,Industry
industry_f52bc719d8e8ec2f,"人力资源服务,人力资源服务",Industry
industry_80b57721c53efc5d,"人力资源服务,人力资源服务,快速消费品,电子商务",Industry
industry_185ce25ce73f8fdf,"人力资源服务,人工智能,企业服务",Industry
industry_630e495ed233be01,"人力资源服务,企业服务",Industry
industry_47536bf9955fe8cb,"人力资源服务,卫生服务,专业技术服务",Industry
industry_f4afe65bcab69525,"人力资源服务,咨询服务",Industry
industry_3f7581b20003f96e,"人力资源服务,咨询服务,培训/辅导服务,人力资源服务",Industry
industry_6f92cd9236c62272,"人力资源服务,在线招聘/求职,新能源,环保",Industry
industry_81e8bfffd7757979,"人力资源服务,新能源,环保,电力/水利/热力/燃气",Industry
industry_9ddd4bbd469d4a45,"人力资源服务,电子/半导体/集成电路,电气机械/电力设备,工业自动化",Industry
industry_ef85aa1f2fc20209,"人力资源服务,电气机械/电力设备",Industry
industry_f068f0dad74789be,人工智能,Industry
industry_535ccc74f737d16c,"人工智能,IT服务",Industry
industry_abe8f28842884fa9,"人工智能,IT服务,云计算/大数据,计算机软件",Industry
industry_68c0ee3447fdb643,"人工智能,云计算/大数据,企业服务",Industry
industry_17b0bed33272561d,"人工智能,云计算/大数据,计算机硬件,计算机软件",Industry
industry_09bf482d0251f7ca,"人工智能,互联网",Industry
industry_65ec2b4bb8bb7c2e,"人工智能,互联网,电子商务,人工智能",Industry
industry_a3b3e7a3fd857e39,"人工智能,人工智能,工业自动化,云计算/大数据",Industry
industry_70723fcf04a95b4a,"人工智能,人工智能,物联网,智能硬件",Industry
industry_ac1f87c029ba9812,"人工智能,企业服务",Industry
industry_8f90e99091585585,"人工智能,工业自动化",Industry
industry_88524e2cf46b8bfe,"人工智能,工业自动化,人工智能,物联网",Industry
industry_3872b7e46400a52a,"人工智能,工业自动化,物联网,云计算/大数据",Industry
industry_9d24754c6e46297b,"人工智能,智能硬件",Industry
industry_2f8360e4121cc67c,"人工智能,智能硬件,人工智能,电子/半导体/集成电路",Industry
industry_65c51762e4b4b67c,"人工智能,消费电子产品,智能硬件",Industry
industry_fe8571699d5ba879,"人工智能,电子/半导体/集成电路,人工智能",Industry
industry_479fd78d3cf2d07b,"人工智能,电子商务",Industry
industry_41902aa2cc15eab3,"人工智能,电子商务,计算机软件",Industry
industry_00caa2daf719a18a,"人工智能,翻译服务",Industry
industry_b5a3286d89a49050,"人工智能,计算机硬件,计算机软件,云计算/大数据",Industry
industry_a4f391e14e0c2a7b,"人工智能,计算机软件",Industry
industry_f4787a33860248d4,"人工智能,计算机软件,学术/科研",Industry
industry_7aca385c04077176,"人工智能,零售/批发,云计算/大数据,科学技术推广",Industry
industry_bfd4c25f0ae65d42,仪器仪表制造,Industry
industry_4073fc2ac1e85176,"仪器仪表制造,互联网",Industry
industry_e277f09ea3044bef,"仪器仪表制造,互联网,仪器仪表制造,物联网",Industry
industry_c7ddb45482c1f6ba,"仪器仪表制造,互联网,计算机软件,电子/半导体/集成电路",Industry
industry_9ffd5fe39fdf5115,"仪器仪表制造,仪器仪表制造",Industry
industry_13d353de348f2fd7,"仪器仪表制造,仪器仪表制造,IT服务,电子/半导体/集成电路",Industry
industry_659e2f73414faea6,"仪器仪表制造,仪器仪表制造,人工智能,船舶/航空/航天/火车制造",Industry
industry_acb0e0b62b491ef9,"仪器仪表制造,仪器仪表制造,工业自动化",Industry
industry_54585547b61373a3,"仪器仪表制造,仪器仪表制造,电子设备制造,计算机软件",Industry
industry_194f21fe87f6c771,"仪器仪表制造,电力/水利/热力/燃气,计算机软件,电子/半导体/集成电路",Industry
industry_1e2af4b2bf41c3f9,"仪器仪表制造,电子/半导体/集成电路",Industry
industry_802053851b5a91bc,"仪器仪表制造,电子/半导体/集成电路,仪器仪表制造,计算机软件",Industry
industry_8f4b06adb67aeb51,"仪器仪表制造,电子/半导体/集成电路,学术/科研,船舶/航空/航天/火车制造",Industry
industry_6c948380c8977b75,"仪器仪表制造,电子/半导体/集成电路,电力/水利/热力/燃气,学术/科研",Industry
industry_138f0a0702b54bdf,"仪器仪表制造,电子/半导体/集成电路,石油/石化,IT服务",Industry
industry_08442272d23935d3,"仪器仪表制造,电子/半导体/集成电路,计算机硬件,计算机软件",Industry
industry_cbc14bb6ad4820a8,"仪器仪表制造,电子设备制造",Industry
industry_ae490a0495542118,"仪器仪表制造,电气机械/电力设备,仪器仪表制造,计算机软件",Industry
industry_c09a0a3bcbbc4500,"仪器仪表制造,电气机械/电力设备,汽车研发/制造",Industry
industry_02f3a51ccb809a84,"仪器仪表制造,计算机硬件,IT服务,互联网",Industry
industry_1b62dd58f918fbe7,"仪器仪表制造,计算机硬件,电子/半导体/集成电路",Industry
industry_bc21a7fcb7e444aa,"仪器仪表制造,计算机软件",Industry
industry_2816b231e76f958b,"仪器仪表制造,计算机软件,检测/认证,电子/半导体/集成电路",Industry
industry_004f7ba874aab03e,"仪器仪表制造,计算机软件,电子/半导体/集成电路",Industry
industry_0817a422b315f5fb,"仪器仪表制造,计算机软件,计算机硬件,学术/科研",Industry
industry_68ae06af7fed671f,"仪器仪表制造,通信/网络设备,专用设备制造,学术/科研",Industry
industry_da89135649a6533f,企业服务,Industry
industry_c12fe74b5d8243ca,"企业服务,互联网",Industry
industry_0aaefe5f13753d16,"企业服务,互联网,咨询服务,专业技术服务",Industry
industry_2a9afada391701a2,"企业服务,互联网,运营商/增值服务,银行",Industry
industry_d2ecb1471aa8742d,"企业服务,企业服务",Industry
industry_31cd567a76fed913,"企业服务,企业服务,IT服务,新媒体",Industry
industry_7c5452649182e40f,"企业服务,企业服务,电子商务,互联网",Industry
industry_7f22abcf3da0731d,"企业服务,旅游服务,企业服务",Industry
industry_1ff6f8395f3d6638,"企业服务,网络/信息安全,IT服务",Industry
industry_3a89bd8022148190,"企业服务,运营商/增值服务,互联网,银行",Industry
industry_5d12fdeb32863d21,休闲/娱乐,Industry
industry_11ececa2aa03f1a9,会议/展览,Industry
industry_b73b757f8ac049aa,保险,Industry
industry_72c0b4fba8a936f4,"保险,证券/期货",Industry
industry_5eea7cfe501df8fe,"保险,证券/期货,计算机软件,IT服务",Industry
industry_d1f51090e6299ecc,"保险,银行,汽车金融,互联网金融/小额贷款",Industry
industry_e0440ce8146ab67f,农/林/牧/渔,Industry
industry_8991f2892f8d6453,"农/林/牧/渔,农/林/牧/渔",Industry
industry_8a0914a90d0deed9,"化学纤维制造业,学术/科研,工业自动化,化学纤维制造业",Industry
industry_364abb3cc39cc03e,"医疗检测,生物工程",Industry
industry_66a8d52316dd979b,医疗设备/器械,Industry
industry_edf5b6f666c97ae5,"医疗设备/器械,人工智能",Industry
industry_b6c036afd1011b9f,"医疗设备/器械,人工智能,云计算/大数据,计算机软件",Industry
industry_464dd4c4da19212a,"医疗设备/器械,人工智能,医疗设备/器械",Industry
industry_ec9b5697ff967ae7,"医疗设备/器械,仪器仪表制造,金属制品业,医药制造",Industry
industry_f23741ba1e7ad07a,"医疗设备/器械,医疗设备/器械",Industry
industry_a0bf02796396cd37,"医疗设备/器械,学术/科研",Industry
industry_f5afb7a7a2221bc9,"医药制造,卫生服务",Industry
industry_b5038e5be29e80e3,"医药制造,学术/科研",Industry
industry_24376dde62273a09,"医药制造,生物工程,医疗设备/器械",Industry
industry_de3118a77d84d9ec,"医院,医院,医美/健康服务",Industry
industry_e27cb3cb37358b5a,卫生服务,Industry
industry_7717bb1a3ee38ddc,印刷/包装/造纸,Industry
industry_df3203a5a4accd04,"印刷/包装/造纸,日化产品制造",Industry
industry_74ba4d92567b7075,"印刷/包装/造纸,计算机软件",Industry
industry_da1fd0483cc3ae58,咨询服务,Industry
industry_18af667648cb5d0d,"咨询服务,IT服务,咨询服务,社团/组织/社会保障",Industry
industry_f6804dd3505903e5,"咨询服务,专业技术服务",Industry
industry_ac671ffa32390020,"咨询服务,互联网",Industry
industry_46b4b7e39965dcb6,"咨询服务,企业服务",Industry
industry_ca222aef808f5d34,"咨询服务,咨询服务",Industry
industry_b2aab2a8b2002005,"咨询服务,广告/营销,证券/期货,保险",Industry
industry_4a8070a4bcfabb97,"咨询服务,房地产中介,专业技术服务",Industry
industry_9f9b1d8cc75649f3,"咨询服务,电气机械/电力设备,IT服务",Industry
industry_6c3f09a066e9209a,"咨询服务,计算机软件,IT服务",Industry
industry_66d2bbd10ee0ff48,"咨询服务,通信/网络设备,互联网,网络/信息安全",Industry
industry_0dc0ebcc1ca96115,商业代理服务,Industry
industry_3918d00de567dba4,培训/辅导服务,Industry
industry_1a434f73f51992bb,"培训/辅导服务,互联网",Industry
industry_2c9d6d186897721e,"培训/辅导服务,培训/辅导服务",Industry
industry_bb250d1455aeecf4,"培训/辅导服务,学校/学历教育",Industry
industry_952c49615f7a29ac,"培训/辅导服务,计算机硬件,计算机软件,互联网",Industry
industry_802f20eb6ded3ed8,"基金,基金,证券/期货",Industry
industry_df4dec652b3e0aa9,"基金,证券/期货",Industry
industry_3aad7cc3f190c4e9,学术/科研,Industry
industry_5748716faff10152,"学术/科研,专业技术服务,咨询服务",Industry
industry_e53af6e7214ca302,"学术/科研,云计算/大数据",Industry
industry_d21e3606fdd70898,"学术/科研,学术/科研",Industry
industry_f365b9a30c0d5620,"学术/科研,电子/半导体/集成电路,培训/辅导服务,石油/石化",Industry
industry_a4e10734f8cceb7e,"学术/科研,电子/半导体/集成电路,科学技术推广,人工智能",Industry
industry_bb22796ada480427,"学术/科研,石油/石化,矿产/采掘,医药制造",Industry
industry_0ba3f131d35d5257,"学术/科研,社团/组织/社会保障,IT服务",Industry
industry_07e99955442c5588,"学术/科研,计算机软件,学术/科研,电子/半导体/集成电路",Industry
industry_d64e2ed7698eb696,"学术/科研,计算机软件,计算机硬件,电子/半导体/集成电路",Industry
industry_c33a08e606e4889c,"学术/科研,金属制品业",Industry
industry_27636649c92cd4e5,"学术/科研,钢铁/有色金属冶炼及加工",Industry
industry_ca30c015c5162c26,"学术/科研,零售/批发",Industry
industry_55a028c235fe13b4,学校/学历教育,Industry
industry_ce7c225d2f6576fa,"学校/学历教育,培训/辅导服务,学校/学历教育,计算机软件",Industry
industry_989aac6234e66ef4,"学校/学历教育,学术/科研,社团/组织/社会保障,科学技术推广",Industry
industry_4dfb7360ed7ec9bd,"学校/学历教育,学校/学历教育",Industry
industry_7dce205ced5e2544,"客运服务,计算机硬件,计算机软件,互联网",Industry
industry_b4a3e44b5bf56c72,"家具/家居/家电,耐用消费品,互联网,电子商务",Industry
industry_4f224103de20465f,居民服务,Industry
industry_b28155f9344b7e23,工业自动化,Industry
industry_1b46c1f4d0ec5f78,"工业自动化,人工智能",Industry
industry_34bab34927f825dd,"工业自动化,人工智能,智能硬件,通信/网络设备",Industry
industry_2d717d49a97ae687,"工业自动化,仪器仪表制造,工业自动化",Industry
industry_90eccab7f5aab818,"工业自动化,仪器仪表制造,工业自动化,人工智能",Industry
industry_c8f19adf188cb6e1,"工业自动化,工业自动化",Industry
industry_93cebba517505763,"工业自动化,工业自动化,仪器仪表制造,电子设备制造",Industry
industry_15644b9bb53575e0,"工业自动化,工业自动化,计算机软件,计算机硬件",Industry
industry_1bb85b409b1a0022,"工业自动化,电子/半导体/集成电路,通用设备制造,新能源",Industry
industry_628bdde6d81e8a98,"工业自动化,电子设备制造,互联网",Industry
industry_41d5143964087214,"工业自动化,矿产/采掘",Industry
industry_39bc478e47d74b55,"工业自动化,船舶/航空/航天/火车制造,仪器仪表制造,专用设备制造",Industry
industry_e55c69e2414bf5c0,"工程技术与设计服务,学术/科研,科学技术推广",Industry
industry_046a279594772962,"工程技术与设计服务,工程技术与设计服务,企业服务,云计算/大数据",Industry
industry_83f5d12ebaaece88,"工程技术与设计服务,工程施工,装饰装修,工程技术与设计服务",Industry
industry_c4bba5af8aa4dfaf,"工程技术与设计服务,计算机软件",Industry
industry_a96d79a4085e72cf,工程施工,Industry
industry_fb6ad677860761ad,"工程施工,互联网,工程施工",Industry
industry_b3a5f8db23afc660,"工程施工,电子/半导体/集成电路,石油/石化,医药制造",Industry
industry_dfced029af0d5b42,"工程施工,装饰装修,电力/水利/热力/燃气,工程技术与设计服务",Industry
industry_f1100fc6ae3b182f,广告/营销,Industry
industry_6394f8cca331fca6,"广告/营销,婚庆/摄影,通信/网络设备",Industry
industry_3c3a1a9eb551be54,"广播/影视,广播/影视",Industry
industry_3bb7e758f4357da9,"广播/影视,新媒体,互联网,广告/营销",Industry
industry_0e1c7a37f82033df,建筑设备安装,Industry
industry_3bdb34fc21734a3f,"建筑设备安装,通信/网络设备",Industry
industry_bae0cdb9ba0453de,"快速消费品,贸易/进出口,互联网",Industry
industry_8309d03b2a79b440,房地产中介,Industry
industry_368f6d910b494ebb,"房地产开发,工程施工",Industry
industry_671cad70663454cc,"房地产开发,广播/影视,装饰装修",Industry
industry_ca27c7b65c45e5e9,"房地产开发,房地产开发",Industry
industry_ef44e4b81ee912a6,"房地产开发,证券/期货",Industry
industry_ab4df8b438adb601,"投资/融资,互联网,IT服务,证券/期货",Industry
industry_77ca3faeebc5ba7f,"投资/融资,互联网金融/小额贷款",Industry
industry_8e1d4bd74ba6b520,政府/公共事业,Industry
industry_d2689d6fcf879495,"政府/公共事业,专业技术服务",Industry
industry_ce383b517562f128,"政府/公共事业,学术/科研,科学技术推广",Industry
industry_c35ed6d36b776b26,文化艺术/娱乐,Industry
industry_89784102326535d2,"文化艺术/娱乐,电子商务,新零售,广播/影视",Industry
industry_ae6ab642180c1294,新媒体,Industry
industry_359e88b5cba3c787,"新媒体,商业代理服务",Industry
industry_ae264c7ed5110169,"新媒体,广播/影视,咨询服务,互联网",Industry
industry_c4fad4d165cfbaf6,"新媒体,新媒体,电子商务,互联网",Industry
industry_2a7d2cd66c5d2d4e,"新媒体,新媒体,运营商/增值服务,云计算/大数据",Industry
industry_b69b730629674501,"新媒体,物联网,电子商务",Industry
industry_7324d67bf9f43397,"新媒体,电子商务",Industry
industry_f5e58607f8fe4cbe,新材料,Industry
industry_8a68be7b3f4fdaa7,新能源,Industry
industry_8768454e6c70cf44,"新能源,IT服务",Industry
industry_cfa1ae15a14e439f,"新能源,新能源",Industry
industry_e0083b2aad856418,"新能源,新能源,计算机软件,网络/信息安全",Industry
industry_9aae882cfe797adc,"新能源,新能源,通用设备制造",Industry
industry_0ddbd6f81fa983c4,"新能源,新能源汽车,货运/物流/仓储",Industry
industry_6851421407d05f4a,"新能源,环保",Industry
industry_fe424e44b2618aba,"新能源,环保,新能源,电力/水利/热力/燃气",Industry
industry_213c1f7b226f5ed1,"新能源,电力/水利/热力/燃气,新能源",Industry
industry_56c0f34fa18293a4,"新能源,电力/水利/热力/燃气,新能源,汽车智能互联",Industry
industry_4b8e986eb135c6d9,"新能源,电力/水利/热力/燃气,电气机械/电力设备,投资/融资",Industry
industry_f9ebe62a214ed1ce,"新能源,电子/半导体/集成电路",Industry
industry_862b51248cea5da1,"新能源,计算机硬件,新能源",Industry
industry_978b571438e59119,新能源汽车,Industry
industry_723c9b6262abb12b,"新能源汽车,新能源汽车",Industry
industry_a2a96ed7f57daf6e,"新闻/出版,学术/科研,计算机软件",Industry
industry_6dbb02438f4de778,新零售,Industry
industry_8b64fb2790894dc6,旅游服务,Industry
industry_28c952917954419d,"旅游服务,互联网,IT服务",Industry
industry_1d20627db5eefb0b,景区/商业/市场等综合管理,Industry
industry_7c594ee93cbdf8a3,智能硬件,Industry
industry_d4c1b787cb7651d7,"智能硬件,人工智能,智能硬件,云计算/大数据",Industry
industry_2bca5b7fdba29b3e,"智能硬件,智能硬件",Industry
industry_1ca76e2d3a1fbe3f,"智能硬件,物联网,人工智能,智能硬件",Industry
industry_03cdac5474ce3752,"智能硬件,电气机械/电力设备",Industry
industry_bbd1b921f2221a5f,服装/纺织/皮革,Industry
industry_a8e8480c3755f80b,"机器人,计算机软件,人工智能,通用设备制造",Industry
industry_630042fcc5b958aa,"检测/认证,专用设备制造",Industry
industry_11c4273a5cbecf02,"检测/认证,检测/认证,专业技术服务",Industry
industry_89b27afa4f46d28d,"检测/认证,电子/半导体/集成电路",Industry
industry_c09dae32445c319e,"检测/认证,电子/半导体/集成电路,学术/科研",Industry
industry_70c4cc017cf3d63b,橡胶和塑料制品,Industry
industry_eea6b1668e45de0e,"橡胶和塑料制品,汽车研发/制造",Industry
industry_f95f417e0f211833,"橡胶和塑料制品,贸易/进出口",Industry
industry_fb4808a9a528455f,"汽车后市场,电子商务,消费电子产品,智能硬件",Industry
industry_1f7e732a07778973,汽车智能互联,Industry
industry_8225dfb6ab6d4618,"汽车智能互联,电子设备制造,仪器仪表制造",Industry
industry_8e12111f26a77763,汽车研发/制造,Industry
industry_6bc900c03c2b4201,"汽车研发/制造,汽车研发/制造",Industry
industry_2a50e0510a495cee,"汽车研发/制造,汽车研发/制造,新能源汽车",Industry
industry_381052b675f81a45,"汽车研发/制造,电子设备制造",Industry
industry_cabac6a9e1e5edde,"汽车研发/制造,计算机软件,检测/认证,学术/科研",Industry
industry_5d335bbe91e43e89,"汽车研发/制造,金属制品业",Industry
industry_dc3ced6781cda3a8,汽车金融,Industry
industry_101752f460b81081,汽车零部件,Industry
industry_57162163218e3288,"汽车零部件,汽车研发/制造",Industry
industry_b7efe001419f05f9,"汽车零部件,汽车零部件",Industry
industry_4c37375f76edda96,法律服务,Industry
industry_6833c0d1d1c82896,"法律服务,法律服务",Industry
industry_ba08216f13dd1742,游戏,Industry
industry_c82e48160c4d9b78,"游戏,互联网",Industry
industry_93a5def1ef701857,"游戏,计算机软件,培训/辅导服务,咨询服务",Industry
industry_bdf139d7fd4732f0,物业管理,Industry
industry_2324ae16afc84824,"物业管理,云计算/大数据,物联网,居民服务",Industry
industry_3d13e1c086cc2bde,物联网,Industry
industry_16a881b0187bfef6,"物联网,物联网",Industry
industry_c6e1d1eee3310b62,"物联网,计算机硬件,游戏,运营商/增值服务",Industry
industry_ac0cfbdc4f093990,"物联网,通信/网络设备",Industry
industry_0120c8f3ebed1d60,环保,Industry
industry_ea3b885c8b81b067,"环保,居民服务,专业技术服务,卫生服务",Industry
industry_28cf17ca97eb8dc6,"环保,物联网",Industry
industry_9258621ad7602995,"环保,环保",Industry
industry_dc1a81b75b93c7dc,"环保,环保,物联网,仪器仪表制造",Industry
industry_6168c8507792654f,"环保,电力/水利/热力/燃气",Industry
industry_e2e1bc841ee19b5a,生物工程,Industry
industry_e598be2f2b2b0998,"生物工程,医药制造",Industry
industry_b3f16a2322569c16,电力/水利/热力/燃气,Industry
industry_869a2f59c148eaab,"电力/水利/热力/燃气,IT服务,计算机软件",Industry
industry_3fb8e93a0c0c31bf,"电力/水利/热力/燃气,人工智能",Industry
industry_c66abae2f08a851e,"电力/水利/热力/燃气,人工智能,计算机软件,云计算/大数据",Industry
industry_ca4e0fe77f5ed582,"电力/水利/热力/燃气,仪器仪表制造,计算机软件,计算机硬件",Industry
industry_0bb5a89a1815ad0e,"电力/水利/热力/燃气,咨询服务",Industry
industry_899bcfabc7df568a,"电力/水利/热力/燃气,工业自动化,电子/半导体/集成电路,计算机软件",Industry
industry_60bfdaa330abb7bd,"电力/水利/热力/燃气,新能源",Industry
industry_eb784a9365a7bcc7,"电力/水利/热力/燃气,电力/水利/热力/燃气",Industry
industry_30737ea3f3f68a55,"电力/水利/热力/燃气,电力/水利/热力/燃气,电气机械/电力设备,计算机软件",Industry
industry_9bcc63580cfa994d,"电力/水利/热力/燃气,船舶/航空/航天/火车制造",Industry
industry_cd32cbb3a83ccea8,"电力/水利/热力/燃气,计算机软件",Industry
industry_b94fbdbea8f440a8,"电力/水利/热力/燃气,计算机软件,IT服务,仪器仪表制造",Industry
industry_3f06ecd58c0acad1,"电力/水利/热力/燃气,通信/网络设备",Industry
industry_dc7ae4a01bb81c7a,电子/半导体/集成电路,Industry
industry_57ed928f84804556,"电子/半导体/集成电路,IT服务,电子/半导体/集成电路",Industry
industry_218d7be4219ec52e,"电子/半导体/集成电路,IT服务,计算机硬件,计算机软件",Industry
industry_0ec418a34c3817ef,"电子/半导体/集成电路,云计算/大数据,计算机软件,通信/网络设备",Industry
industry_7a6bbc2f61ed35e1,"电子/半导体/集成电路,互联网,IT服务,计算机软件",Industry
industry_97495647d84506ba,"电子/半导体/集成电路,互联网,仪器仪表制造",Industry
industry_7cdeadee411679ef,"电子/半导体/集成电路,互联网,计算机硬件,通信/网络设备",Industry
industry_3afffdae22cd1947,"电子/半导体/集成电路,人工智能",Industry
industry_b5807e021edc769a,"电子/半导体/集成电路,仪器仪表制造",Industry
industry_9dbf81285f3238a2,"电子/半导体/集成电路,仪器仪表制造,电力/水利/热力/燃气",Industry
industry_bf4f6bfdcd033310,"电子/半导体/集成电路,仪器仪表制造,电子/半导体/集成电路,电子设备制造",Industry
industry_4e64f870d16e1ab0,"电子/半导体/集成电路,仪器仪表制造,计算机硬件",Industry
industry_ee8b1dfdcf400aa8,"电子/半导体/集成电路,仪器仪表制造,通信/网络设备,IT服务",Industry
industry_ef991ce2e4f0c3c5,"电子/半导体/集成电路,咨询服务,学术/科研,培训/辅导服务",Industry
industry_c8f175e39fef0362,"电子/半导体/集成电路,客运服务",Industry
industry_58619499e5622429,"电子/半导体/集成电路,智能硬件,物联网,通信/网络设备",Industry
industry_8f99b861bc1cbbbf,"电子/半导体/集成电路,汽车研发/制造,仪器仪表制造",Industry
industry_978da6152202f59f,"电子/半导体/集成电路,汽车零部件",Industry
industry_9a38d5c05957b9e2,"电子/半导体/集成电路,电力/水利/热力/燃气,贸易/进出口",Industry
industry_334df3525e328cc9,"电子/半导体/集成电路,电子/半导体/集成电路",Industry
industry_4edf0fc158e7370b,"电子/半导体/集成电路,电子/半导体/集成电路,专用设备制造",Industry
industry_cacc425a7ce91fd2,"电子/半导体/集成电路,电子/半导体/集成电路,人工智能",Industry
industry_be0ca062495b9262,"电子/半导体/集成电路,电子/半导体/集成电路,学术/科研,计算机软件",Industry
industry_00818d72ccb2862c,"电子/半导体/集成电路,电子/半导体/集成电路,计算机硬件",Industry
industry_11f6d0244f684e5e,"电子/半导体/集成电路,电子/半导体/集成电路,通信/网络设备",Industry
industry_4393ca23a4b4f50d,"电子/半导体/集成电路,电子/半导体/集成电路,通信/网络设备,计算机硬件",Industry
industry_5542de3893bc3ac6,"电子/半导体/集成电路,电子商务",Industry
industry_2b5896e1d3624a8f,"电子/半导体/集成电路,电子设备制造",Industry
industry_e88a37bf38335694,"电子/半导体/集成电路,计算机硬件",Industry
industry_b3d7562324d12a79,"电子/半导体/集成电路,计算机硬件,计算机软件",Industry
industry_565ce66706b71ff7,"电子/半导体/集成电路,计算机硬件,计算机软件,电子/半导体/集成电路",Industry
industry_3980cbddc72d256c,"电子/半导体/集成电路,计算机硬件,计算机软件,运营商/增值服务",Industry
industry_710f29e8ac23e7ad,"电子/半导体/集成电路,计算机硬件,通信/网络设备",Industry
industry_819ac9c0d2ffc297,"电子/半导体/集成电路,计算机软件",Industry
industry_19c3484ed0da34b4,"电子/半导体/集成电路,计算机软件,IT服务,电子/半导体/集成电路",Industry
industry_95ba56e8290fd517,"电子/半导体/集成电路,计算机软件,电气机械/电力设备,仪器仪表制造",Industry
industry_f3826819c32b719d,"电子/半导体/集成电路,计算机软件,计算机硬件,互联网",Industry
industry_60db45e646d2bfe5,"电子/半导体/集成电路,运营商/增值服务",Industry
industry_74f9c5d2d9501720,"电子/半导体/集成电路,运营商/增值服务,通信/网络设备",Industry
industry_1db5e022e4fa7c1e,"电子/半导体/集成电路,通信/网络设备",Industry
industry_bfe6f75d6095bfdb,"电子/半导体/集成电路,通信/网络设备,电子/半导体/集成电路,船舶/航空/航天/火车制造",Industry
industry_91c344451cf6bdfb,"电子/半导体/集成电路,通信/网络设备,船舶/航空/航天/火车制造",Industry
industry_68441361169002f1,"电子/半导体/集成电路,金属制品业,零售/批发,仪器仪表制造",Industry
industry_68084d3bca83d83f,"电子/半导体/集成电路,零售/批发",Industry
industry_4154f9d6ea373709,电子商务,Industry
industry_7df18974b2ad2355,"电子商务,互联网",Industry
industry_612af4cab443ab95,"电子商务,互联网,电子商务",Industry
industry_99e9da685714d2f5,"电子商务,互联网,计算机软件,企业服务",Industry
industry_2450d00a6420c640,"电子商务,在线生活服务（O2O）",Industry
industry_b341cef578ea223f,"电子商务,在线生活服务（O2O）,咨询服务,搬家/生活配送",Industry
industry_b22379170d980755,"电子商务,在线生活服务（O2O）,新零售,互联网",Industry
industry_b0da0e891b30c55b,"电子商务,新媒体,互联网,电子商务",Industry
industry_b7fb57b133832cc5,"电子商务,物联网",Industry
industry_d983c5d521739d40,"电子商务,电子商务",Industry
industry_d599d82fa6c683ed,"电子商务,电子商务,新媒体,互联网",Industry
industry_3f2aefec9fd4623c,"电子商务,计算机硬件,电子商务",Industry
industry_885b215d22017061,"电子商务,计算机软件",Industry
industry_3ae162eee32681ed,电子设备制造,Industry
industry_dc87aab45fbe758e,"电子设备制造,专用设备制造",Industry
industry_33927d6bb75064a5,"电子设备制造,人工智能",Industry
industry_775cf498ac0e52fd,"电子设备制造,人工智能,新媒体,互联网",Industry
industry_2711b1ac2b0873da,"电子设备制造,人工智能,智能硬件,通信/网络设备",Industry
industry_900803db78f853f4,"电子设备制造,电子/半导体/集成电路",Industry
industry_930323530b1e05ac,"电子设备制造,电子设备制造",Industry
industry_1e8c6cdba4c326c8,"电子设备制造,电子设备制造,计算机硬件,电子商务",Industry
industry_e709ed492eb0b52f,"电子设备制造,电气机械/电力设备,电子设备制造,人工智能",Industry
industry_6e9c02e56e3d32e0,"电子设备制造,计算机软件,电子/半导体/集成电路",Industry
industry_64c9d4bafb76ce67,"电子设备制造,计算机软件,计算机硬件",Industry
industry_5b448983bae68100,"电子设备制造,金属制品业,汽车研发/制造,电气机械/电力设备",Industry
industry_5400b26eae44899f,电气机械/电力设备,Industry
industry_0d29140e68fe9774,"电气机械/电力设备,互联网",Industry
industry_08489f66210a8f70,"电气机械/电力设备,仪器仪表制造,互联网,计算机硬件",Industry
industry_024326d46eb8f397,"电气机械/电力设备,仪器仪表制造,电子设备制造",Industry
industry_d8b552e688b70117,"电气机械/电力设备,仪器仪表制造,电气机械/电力设备,金属制品业",Industry
industry_0c4a430e2fd37324,"电气机械/电力设备,农/林/牧/渔",Industry
industry_4289a4f9e768de19,"电气机械/电力设备,电子商务",Industry
industry_5220a0e3dcf5428d,"电气机械/电力设备,电气机械/电力设备,船舶/航空/航天/火车制造,仪器仪表制造",Industry
industry_bc9b990eb6ae2373,"电气机械/电力设备,矿产/采掘,金属制品业,互联网",Industry
industry_2eeb183e228e15fc,"电气机械/电力设备,耐用消费品",Industry
industry_c6af2fb23fc993cc,"电气机械/电力设备,钢铁/有色金属冶炼及加工",Industry
industry_2e942cfc8f1262c1,石油/石化,Industry
industry_5437ce6cdbc4f47e,"石油/石化,IT服务",Industry
industry_a9d18b41435bca2b,"石油/石化,化学纤维制造业",Industry
industry_881305d1ef522316,"石油/石化,化工,工程施工",Industry
industry_b7b425cb81365b82,"石油/石化,环保",Industry
industry_97fd8f853b7f1ac6,"石油/石化,矿产/采掘,计算机软件,零售/批发",Industry
industry_1fbcad3decd6e641,"石油/石化,计算机软件,学术/科研",Industry
industry_d68f08ccbc18c043,"矿产/采掘,互联网",Industry
industry_6902334eafd7f718,"矿产/采掘,工程施工,建筑设备安装",Industry
industry_9760b3b1f0a8aa7d,"矿产/采掘,矿产/采掘",Industry
industry_81b125f1cd30ee95,社团/组织/社会保障,Industry
industry_83a410f6dba2fc0e,"社团/组织/社会保障,培训/辅导服务",Industry
industry_1ddda0d20bf7ea8f,"社团/组织/社会保障,学术/科研,培训/辅导服务,证券/期货",Industry
industry_243a3f4746dc6c81,科学技术推广,Industry
industry_7f6d689971e1ca65,"科学技术推广,学术/科研",Industry
industry_d1f91591be1c75f4,"科学技术推广,科学技术推广,学术/科研,学校/学历教育",Industry
industry_5876dae1354c7622,"纺织业/服饰产品加工制造,电子商务",Industry
industry_599375a253f92b1c,网络/信息安全,Industry
industry_74d8d4c08f8af824,"网络/信息安全,IT服务,互联网",Industry
industry_5bb0c556f3b42f69,"网络/信息安全,IT服务,计算机硬件,互联网",Industry
industry_e9507426c1fa1c4c,"网络/信息安全,云计算/大数据,物联网,计算机软件",Industry
industry_bb8bb9ac86b3a60e,"网络/信息安全,互联网,电力/水利/热力/燃气",Industry
industry_ac78937017a82bcc,"网络/信息安全,企业服务,电子商务,互联网",Industry
industry_96fccc1b0ea59eaf,"网络/信息安全,电子/半导体/集成电路,计算机硬件,计算机软件",Industry
industry_30c30299336a172a,"网络/信息安全,网络/信息安全,互联网,计算机软件",Industry
industry_a3899e7f60ea1bdf,"网络/信息安全,网络/信息安全,物联网",Industry
industry_70de4b9b7bce8a87,"网络/信息安全,网络/信息安全,计算机软件",Industry
industry_60e101d0b2f8f2d9,"网络/信息安全,计算机硬件",Industry
industry_78c006b34de4152f,"网络/信息安全,计算机软件,IT服务,电子/半导体/集成电路",Industry
industry_8b5d4284ca2e07d8,"网络/信息安全,通信/网络设备,计算机软件,云计算/大数据",Industry
industry_a6c6df233c8eecc5,"耐用消费品,电子商务,新媒体,零售/批发",Industry
industry_f45332c239bda58e,"耐用消费品,装饰装修,互联网",Industry
industry_2c38ed73a0e5112c,"耐用消费品,零售/批发",Industry
industry_c10375dda2dfc794,船舶/航空/航天/火车制造,Industry
industry_2be6981c12c3c01d,"船舶/航空/航天/火车制造,学术/科研",Industry
industry_29b2d94b63e1ec3c,"船舶/航空/航天/火车制造,电子/半导体/集成电路",Industry
industry_62942d97945b6f41,"船舶/航空/航天/火车制造,电子/半导体/集成电路,IT服务,通信/网络设备",Industry
industry_8fbff0dc8976709c,"船舶/航空/航天/火车制造,电子/半导体/集成电路,汽车零部件,船舶/航空/航天/火车制造",Industry
industry_31e2bacb6da74015,"船舶/航空/航天/火车制造,电子/半导体/集成电路,计算机硬件,计算机软件",Industry
industry_c4032ae252fcae03,"船舶/航空/航天/火车制造,电子设备制造",Industry
industry_2d1d67dd8e42e9d7,"船舶/航空/航天/火车制造,船舶/航空/航天/火车制造",Industry
industry_f3273c50b56cca60,"船舶/航空/航天/火车制造,计算机软件",Industry
industry_8ceb7914761d14db,"船舶/航空/航天/火车制造,计算机软件,计算机硬件,电子/半导体/集成电路",Industry
industry_84eed681e6e0ff97,"船舶/航空/航天/火车制造,计算机软件,计算机硬件,通信/网络设备",Industry
industry_0b9b44a7a9880951,"船舶/航空/航天/火车制造,通信/网络设备,船舶/航空/航天/火车制造",Industry
industry_65be042925d7031d,装饰装修,Industry
industry_7f56845d098a1388,计算机硬件,Industry
industry_9f1b516cac36bd35,"计算机硬件,IT服务",Industry
industry_370ecbb24bb54596,"计算机硬件,IT服务,医药制造",Industry
industry_1e127486759d96da,"计算机硬件,IT服务,电子/半导体/集成电路,计算机软件",Industry
industry_9f45f93207605aab,"计算机硬件,IT服务,计算机硬件,计算机软件",Industry
industry_aebc8884f736df28,"计算机硬件,互联网",Industry
industry_eaa6cd2c3a5ad22b,"计算机硬件,互联网,IT服务",Industry
industry_ef49248841887873,"计算机硬件,互联网,通信/网络设备,计算机软件",Industry
industry_dbf15200d0524098,"计算机硬件,物联网,计算机软件,计算机硬件",Industry
industry_85003e09b8f22cd4,"计算机硬件,电子/半导体/集成电路",Industry
industry_1a1939bc4bc1f42c,"计算机硬件,电子设备制造",Industry
industry_6dcb14110ce8c015,"计算机硬件,网络/信息安全",Industry
industry_7f89517366e09d39,"计算机硬件,网络/信息安全,计算机软件,IT服务",Industry
industry_08c59b905c414660,"计算机硬件,计算机硬件",Industry
industry_b7152b1b7e21c573,"计算机硬件,计算机硬件,IT服务,电子/半导体/集成电路",Industry
industry_23c19c9a491fe2c3,"计算机硬件,计算机硬件,电子/半导体/集成电路",Industry
industry_0d4ec7e90570347d,"计算机硬件,计算机软件",Industry
industry_39c8cf9766686404,"计算机硬件,计算机软件,IT服务",Industry
industry_ece9aeacf931e213,"计算机硬件,计算机软件,IT服务,互联网",Industry
industry_2dc5436d9c2f5af0,"计算机硬件,计算机软件,IT服务,运营商/增值服务",Industry
industry_cdcaf5a2a8b69054,"计算机硬件,计算机软件,IT服务,通信/网络设备",Industry
industry_d3bcc7e6418113fd,"计算机硬件,计算机软件,互联网,IT服务",Industry
industry_7f64406055a761b4,"计算机硬件,计算机软件,仪器仪表制造,IT服务",Industry
industry_b6beb6fcb58440e0,"计算机硬件,计算机软件,印刷/包装/造纸",Industry
industry_b6b8b4a96bbcf96c,"计算机硬件,计算机软件,计算机硬件,IT服务",Industry
industry_d5acfd6a585a9ab3,"计算机硬件,计算机软件,通信/网络设备,IT服务",Industry
industry_17b79b1ceba681e6,"计算机硬件,运营商/增值服务,IT服务",Industry
industry_f5936014c26abd4c,"计算机硬件,运营商/增值服务,IT服务,计算机软件",Industry
industry_7912f396b653427a,"计算机硬件,通信/网络设备",Industry
industry_f858230a18817a90,"计算机硬件,零售/批发",Industry
industry_200945027317732e,计算机软件,Industry
industry_7c8f96b65211ee7e,"计算机软件,IT服务",Industry
industry_bcaa67c67134a927,"计算机软件,IT服务,专业技术服务",Industry
industry_6eec3c5fdf8d905f,"计算机软件,IT服务,互联网",Industry
industry_029a6d0f4b779a26,"计算机软件,IT服务,互联网,专业技术服务",Industry
industry_f3a8f94538c2a792,"计算机软件,IT服务,互联网,培训/辅导服务",Industry
industry_e4d1fcdb178690ff,"计算机软件,IT服务,互联网,船舶/航空/航天/火车制造",Industry
industry_be9a7412a9ad4c69,"计算机软件,IT服务,互联网,计算机硬件",Industry
industry_94823adfd68059e0,"计算机软件,IT服务,互联网,计算机软件",Industry
industry_dddb79b918266e9b,"计算机软件,IT服务,互联网,运营商/增值服务",Industry
industry_dea18ff1d37f0e64,"计算机软件,IT服务,人工智能,云计算/大数据",Industry
industry_f966c5432dc07aea,"计算机软件,IT服务,保险,证券/期货",Industry
industry_a9a268d432b56659,"计算机软件,IT服务,培训/辅导服务,学术/科研",Industry
industry_856648cca6a957bd,"计算机软件,IT服务,学术/科研,培训/辅导服务",Industry
industry_34d84ca67e9b48da,"计算机软件,IT服务,机器人,工业自动化",Industry
industry_8833eef309f0987d,"计算机软件,IT服务,物联网,计算机软件",Industry
industry_2f3316d6ec7fd00d,"计算机软件,IT服务,环保",Industry
industry_d25e5c983968a851,"计算机软件,IT服务,电子/半导体/集成电路",Industry
industry_39f568947f178ca1,"计算机软件,IT服务,电子/半导体/集成电路,船舶/航空/航天/火车制造",Industry
industry_5b246bb762eb7006,"计算机软件,IT服务,网络/信息安全,通信/网络设备",Industry
industry_ca6c043d225b0dc4,"计算机软件,IT服务,计算机硬件,互联网",Industry
industry_bed27bd2e23a6a74,"计算机软件,IT服务,计算机硬件,医疗设备/器械",Industry
industry_a3745913f165bc41,"计算机软件,IT服务,计算机硬件,环保",Industry
industry_0f3c2476781a6499,"计算机软件,IT服务,计算机硬件,计算机软件",Industry
industry_a0552044fccd2378,"计算机软件,IT服务,计算机硬件,运营商/增值服务",Industry
industry_cb39a585cdd6a3c9,"计算机软件,IT服务,计算机软件",Industry
industry_89d521992c13fd3a,"计算机软件,IT服务,计算机软件,互联网",Industry
industry_bc53c34c73c002d9,"计算机软件,IT服务,运营商/增值服务,互联网",Industry
industry_70c362e242ce045c,"计算机软件,IT服务,运营商/增值服务,检测/认证",Industry
industry_b05820a88f9443d9,"计算机软件,IT服务,通信/网络设备,云计算/大数据",Industry
industry_46771226d0a0ad0b,"计算机软件,IT服务,通信/网络设备,计算机软件",Industry
industry_194cce02eb85c9a3,"计算机软件,专业技术服务",Industry
industry_da88abf5aff90c13,"计算机软件,专业技术服务,IT服务,人力资源服务",Industry
industry_65106cf2c128ab57,"计算机软件,专业技术服务,计算机硬件",Industry
industry_170cfb2f1520f9f3,"计算机软件,专用设备制造",Industry
industry_949195ecd91f53f3,"计算机软件,云计算/大数据,IT服务,计算机软件",Industry
industry_6872ffcca9db238b,"计算机软件,云计算/大数据,人工智能,网络/信息安全",Industry
industry_62e50e36153a92eb,"计算机软件,云计算/大数据,计算机软件",Industry
industry_0b7c760665070673,"计算机软件,互联网",Industry
industry_f81331fdf66577ea,"计算机软件,互联网,IT服务",Industry
industry_0f96a8ce02642bad,"计算机软件,互联网,IT服务,专业技术服务",Industry
industry_d645a5daa36b6cbb,"计算机软件,互联网,IT服务,人工智能",Industry
industry_a0e3a787b6c2cd6a,"计算机软件,互联网,IT服务,计算机硬件",Industry
industry_311fa3f37e1b43ab,"计算机软件,互联网,IT服务,计算机软件",Industry
industry_ae58e48d16fbdf7a,"计算机软件,互联网,IT服务,运营商/增值服务",Industry
industry_2969453f3373571d,"计算机软件,互联网,专业技术服务",Industry
industry_b815f8631a675bbb,"计算机软件,互联网,人工智能,计算机软件",Industry
industry_231c1918be8a5ef7,"计算机软件,互联网,企业服务,通信/网络设备",Industry
industry_88e0c842ab6412e7,"计算机软件,互联网,客运服务,IT服务",Industry
industry_4da248bd3e6a5d82,"计算机软件,互联网,物联网,企业服务",Industry
industry_dcfed3915eef1a07,"计算机软件,互联网,计算机硬件,IT服务",Industry
industry_8f30a89a08d618fc,"计算机软件,互联网,计算机软件,IT服务",Industry
industry_310d99550599353c,"计算机软件,互联网,计算机软件,新媒体",Industry
industry_849bc806074e61d4,"计算机软件,互联网,货运/物流/仓储",Industry
industry_78bc4234b8c66c54,"计算机软件,互联网金融/小额贷款",Industry
industry_8156b8276748601b,"计算机软件,人力资源服务",Industry
industry_3a50538c5308f26c,"计算机软件,人工智能",Industry
industry_2285406c2adceb78,"计算机软件,人工智能,云计算/大数据,IT服务",Industry
industry_e5d837909e7ef522,"计算机软件,人工智能,企业服务,计算机软件",Industry
industry_40c5270e4e2ff6cf,"计算机软件,人工智能,船舶/航空/航天/火车制造,计算机软件",Industry
industry_31640455b063a835,"计算机软件,企业服务",Industry
industry_a82f5859d817fbc3,"计算机软件,农/林/牧/渔,互联网,IT服务",Industry
industry_3f531f1c0618bbc0,"计算机软件,医院",Industry
industry_4585c19e2758f6b9,"计算机软件,卫生服务,IT服务,计算机软件",Industry
industry_6b8b01845a4134be,"计算机软件,卫生服务,医院",Industry
industry_b375e700eb3baffc,"计算机软件,印刷/包装/造纸,广播/影视",Industry
industry_b68f1dbdc0f52da0,"计算机软件,培训/辅导服务",Industry
industry_7a03acd5f491f8be,"计算机软件,培训/辅导服务,互联网,专业技术服务",Industry
industry_a256b2b947f70d7c,"计算机软件,学术/科研",Industry
industry_1895db0a0f37963e,"计算机软件,客运服务,电子/半导体/集成电路,IT服务",Industry
industry_7c1aa39cb2d785c9,"计算机软件,工业自动化",Industry
industry_fa483df301ef2d85,"计算机软件,工业自动化,电气机械/电力设备,物联网",Industry
industry_e105c69f5feea7ff,"计算机软件,房地产开发",Industry
industry_0e353f6aab5e7aa6,"计算机软件,新媒体,IT服务,云计算/大数据",Industry
industry_a100dae5b9e1daad,"计算机软件,新媒体,IT服务,计算机软件",Industry
industry_384b62d2af1c1bc2,"计算机软件,新零售,云计算/大数据,运营商/增值服务",Industry
industry_c0553c3daecf8b9b,"计算机软件,游戏",Industry
industry_ee7c1482a5647382,"计算机软件,游戏,互联网,IT服务",Industry
industry_898225dedc918e13,"计算机软件,环保,IT服务",Industry
industry_abb4dacbea7d5f62,"计算机软件,环保,IT服务,学术/科研",Industry
industry_372ad8454aea6f38,"计算机软件,电力/水利/热力/燃气",Industry
industry_0d37dc966845b9c1,"计算机软件,电子/半导体/集成电路",Industry
industry_80b2b88d61cce0bf,"计算机软件,电子/半导体/集成电路,IT服务",Industry
industry_833d73cec016405f,"计算机软件,电子/半导体/集成电路,IT服务,计算机硬件",Industry
industry_331b962f357114f3,"计算机软件,电子/半导体/集成电路,互联网",Industry
industry_b5148b9bb29b412b,"计算机软件,电子/半导体/集成电路,人工智能,云计算/大数据",Industry
industry_87e5193c1501b5f9,"计算机软件,电子/半导体/集成电路,学术/科研",Industry
industry_aebbca9351fc03f9,"计算机软件,电子/半导体/集成电路,客运服务,IT服务",Industry
industry_3a7d806ed7d0942c,"计算机软件,电子/半导体/集成电路,计算机硬件,IT服务",Industry
industry_b72ff3f8187765d3,"计算机软件,电子/半导体/集成电路,计算机软件",Industry
industry_433f23fce8b7c23f,"计算机软件,电子/半导体/集成电路,运营商/增值服务,仪器仪表制造",Industry
industry_e34b74673b4d20dc,"计算机软件,电子/半导体/集成电路,通信/网络设备",Industry
industry_65d244565abe7684,"计算机软件,电子商务",Industry
industry_3e87dba04fe2b336,"计算机软件,电气机械/电力设备",Industry
industry_bff17a56e567b9db,"计算机软件,电气机械/电力设备,船舶/航空/航天/火车制造",Industry
industry_c13b97163f32fb11,"计算机软件,网络/信息安全,互联网,IT服务",Industry
industry_27b12830b907a5cf,"计算机软件,网络/信息安全,计算机软件,IT服务",Industry
industry_321949221028eec4,"计算机软件,船舶/航空/航天/火车制造",Industry
industry_fedcfd542b6c7410,"计算机软件,船舶/航空/航天/火车制造,学术/科研,通信/网络设备",Industry
industry_5f8fa25781016b66,"计算机软件,计算机硬件",Industry
industry_5dbc6e282f0993ad,"计算机软件,计算机硬件,IT服务",Industry
industry_c7812edc748aa461,"计算机软件,计算机硬件,IT服务,互联网",Industry
industry_87999135cf7bc0f7,"计算机软件,计算机硬件,IT服务,电子/半导体/集成电路",Industry
industry_a0748e2e26d0df94,"计算机软件,计算机硬件,仪器仪表制造",Industry
industry_e81dec38a50eb432,"计算机软件,计算机硬件,电子/半导体/集成电路,IT服务",Industry
industry_e4b17e604c0b2944,"计算机软件,计算机硬件,电子/半导体/集成电路,运营商/增值服务",Industry
industry_b4a18b7140b7a283,"计算机软件,计算机硬件,计算机软件,通信/网络设备",Industry
industry_6767bbcb8270ed11,"计算机软件,计算机硬件,通信/网络设备,IT服务",Industry
industry_e427b1aedad44472,"计算机软件,计算机软件",Industry
industry_e13797416c56ed49,"计算机软件,计算机软件,IT服务",Industry
industry_47de1eae2ab51486,"计算机软件,计算机软件,IT服务,互联网",Industry
industry_ecf2e19cad9a4232,"计算机软件,计算机软件,云计算/大数据",Industry
industry_49278dbf3cb8002f,"计算机软件,计算机软件,云计算/大数据,贸易/进出口",Industry
industry_b0b1e2d539a1cb84,"计算机软件,计算机软件,互联网,IT服务",Industry
industry_10b2dc1e1a2252ff,"计算机软件,计算机软件,人工智能,云计算/大数据",Industry
industry_7d2c802a41e739bd,"计算机软件,计算机软件,人工智能,企业服务",Industry
industry_8cb4cb4775cbdd08,"计算机软件,计算机软件,网络/信息安全,互联网",Industry
industry_bca20c4d3fb3a2a0,"计算机软件,计算机软件,网络/信息安全,人工智能",Industry
industry_b640bb16ab19bc6e,"计算机软件,计算机软件,计算机硬件",Industry
industry_c020253f48ed5f80,"计算机软件,计算机软件,计算机硬件,IT服务",Industry
industry_ee8ae94d9e48550e,"计算机软件,计算机软件,计算机硬件,通信/网络设备",Industry
industry_1852abfca6d7a24e,"计算机软件,计算机软件,通信/网络设备",Industry
industry_40a5fdb62bd29a93,"计算机软件,证券/期货",Industry
industry_157ee898533c29ca,"计算机软件,证券/期货,IT服务,互联网",Industry
industry_dcd5bb2e1be38501,"计算机软件,证券/期货,互联网",Industry
industry_f8c21fb07f7e1259,"计算机软件,证券/期货,计算机硬件,IT服务",Industry
industry_efa6331dfcb1bb16,"计算机软件,证券/期货,银行,互联网",Industry
industry_e67a8965703c0540,"计算机软件,运营商/增值服务",Industry
industry_3f269e6c886a8801,"计算机软件,运营商/增值服务,计算机硬件,互联网",Industry
industry_3ac6e7e0285557ce,"计算机软件,通信/网络设备",Industry
industry_58ee3710e4889768,"计算机软件,通信/网络设备,网络/信息安全,人工智能",Industry
industry_b8ff5e90216d1cd8,证券/期货,Industry
industry_af576796229632f9,"证券/期货,互联网",Industry
industry_ca451c7797873d03,"证券/期货,保险",Industry
industry_19cb07e9849962a3,"证券/期货,基金",Industry
industry_d1b55e13c1edea01,"证券/期货,零售/批发,贸易/进出口",Industry
industry_41a071270bfbcfed,"财务/审计/税务,云计算/大数据",Industry
industry_03e2ef6bacb4df82,"财务/审计/税务,企业服务",Industry
industry_1d2f21c586edc274,货运/物流/仓储,Industry
industry_e7cfb1eacf4eb788,"货运/物流/仓储,互联网,贸易/进出口",Industry
industry_de84eec5c6dbd4d1,"货运/物流/仓储,客运服务",Industry
industry_7e5e2bbfe2f09065,"货运/物流/仓储,电子商务",Industry
industry_7a268a6cfea81a6c,"货运/物流/仓储,货运/物流/仓储",Industry
industry_47c96c40a39b338a,"贸易/进出口,互联网",Industry
industry_a5df354280109a5c,"贸易/进出口,互联网,电子/半导体/集成电路,仪器仪表制造",Industry
industry_0b607a279e9e5e08,"贸易/进出口,仪器仪表制造,贸易/进出口,云计算/大数据",Industry
industry_68847c89ceeeccc0,"贸易/进出口,检测/认证",Industry
industry_60c524de10668602,运营商/增值服务,Industry
industry_0db8306d9a0f1783,"运营商/增值服务,IT服务,计算机软件,电子/半导体/集成电路",Industry
industry_f42fb302711e090a,"运营商/增值服务,IT服务,通信/网络设备",Industry
industry_8e3798381b8e6177,"运营商/增值服务,互联网,通信/网络设备",Industry
industry_074d48a14e195dca,"运营商/增值服务,电子/半导体/集成电路,仪器仪表制造,通信/网络设备",Industry
industry_db50a888cd86d99c,"运营商/增值服务,电子/半导体/集成电路,计算机硬件,仪器仪表制造",Industry
industry_6bb41fac232470bc,"运营商/增值服务,电子/半导体/集成电路,计算机硬件,通信/网络设备",Industry
industry_9a0a678f54695b48,"运营商/增值服务,电子/半导体/集成电路,通信/网络设备",Industry
industry_e2772dda7a504ae6,"运营商/增值服务,计算机硬件,IT服务,计算机软件",Industry
industry_5c9c47d26f7c3fbd,"运营商/增值服务,计算机软件",Industry
industry_7018e0eb10264c8e,"运营商/增值服务,计算机软件,IT服务,互联网",Industry
industry_022e840809965d54,"运营商/增值服务,计算机软件,互联网,通信/网络设备",Industry
industry_c2acb5e17a000aaa,"运营商/增值服务,计算机软件,通信/网络设备",Industry
industry_01cb7217bf35150b,"运营商/增值服务,运营商/增值服务",Industry
industry_4092a1118b943196,"运营商/增值服务,运营商/增值服务,计算机软件,通信/网络设备",Industry
industry_adcac720c5665bc5,"运营商/增值服务,通信/网络设备",Industry
industry_505a2ae53d796430,"运营商/增值服务,通信/网络设备,互联网",Industry
industry_8dcbb52c59805329,"运营商/增值服务,通信/网络设备,互联网,房地产中介",Industry
industry_669fbb3d56e5efdd,"运营商/增值服务,通信/网络设备,电子/半导体/集成电路",Industry
industry_10cad115c93f473a,"运营商/增值服务,通信/网络设备,计算机软件",Industry
industry_6cc86be066fd05c4,通信/网络设备,Industry
industry_7da06ec5b0ec2c65,"通信/网络设备,IT服务",Industry
industry_0e7f6e24b52ac21d,"通信/网络设备,IT服务,互联网,计算机硬件",Industry
industry_e68f59ccc6fa499c,"通信/网络设备,IT服务,运营商/增值服务",Industry
industry_e603d0f3b5593f1e,"通信/网络设备,云计算/大数据",Industry
industry_0495ad950d091db2,"通信/网络设备,云计算/大数据,通信/网络设备,计算机软件",Industry
industry_42dca58fdd4ec1a0,"通信/网络设备,互联网,计算机硬件,运营商/增值服务",Industry
industry_cd65ef29b6fc1765,"通信/网络设备,人工智能",Industry
industry_08f96a927cfbd835,"通信/网络设备,仪器仪表制造,电子/半导体/集成电路",Industry
industry_3703b908f9180b2b,"通信/网络设备,军工制造",Industry
industry_16cb877b657d495f,"通信/网络设备,学术/科研",Industry
industry_dd5ddfa0e5b8f871,"通信/网络设备,电子/半导体/集成电路,IT服务,仪器仪表制造",Industry
industry_807682124f95b650,"通信/网络设备,电子/半导体/集成电路,学术/科研,船舶/航空/航天/火车制造",Industry
industry_a4cb063aa9f4dbd3,"通信/网络设备,电气机械/电力设备,工业自动化,工程施工",Industry
industry_c54d1874668d2cda,"通信/网络设备,船舶/航空/航天/火车制造",Industry
industry_106c4b022b0542cc,"通信/网络设备,计算机硬件,智能硬件",Industry
industry_e370b534589c7c14,"通信/网络设备,计算机硬件,计算机软件,互联网",Industry
industry_7acbc36ce7a09d28,"通信/网络设备,计算机硬件,计算机软件,仪器仪表制造",Industry
industry_fe6da672e1bd2f06,"通信/网络设备,计算机硬件,通信/网络设备",Industry
industry_a05131268dab7df3,"通信/网络设备,计算机软件",Industry
industry_87b14c57f2042e32,"通信/网络设备,计算机软件,仪器仪表制造,电子/半导体/集成电路",Industry
industry_abe5fe59059b7383,"通信/网络设备,计算机软件,电子/半导体/集成电路",Industry
industry_e83fdbb52b00795c,"通信/网络设备,计算机软件,计算机硬件,IT服务",Industry
industry_bac101879bde6345,"通信/网络设备,计算机软件,计算机硬件,运营商/增值服务",Industry
industry_8049b2e66363142c,"通信/网络设备,计算机软件,通信/网络设备,客运服务",Industry
industry_c3748a683269e3d9,"通信/网络设备,贸易/进出口,货运/物流/仓储,运营商/增值服务",Industry
industry_433b498be18d78e9,"通信/网络设备,运营商/增值服务,消费电子产品,光电子行业",Industry
industry_618726dd575373bb,"通信/网络设备,运营商/增值服务,电子/半导体/集成电路,IT服务",Industry
industry_f5de213a7e5348bf,"通信/网络设备,运营商/增值服务,电子/半导体/集成电路,计算机硬件",Industry
industry_d5ceb41158584196,"通信/网络设备,通信/网络设备",Industry
industry_b49c409dad581e12,"通信/网络设备,通信/网络设备,运营商/增值服务",Industry
industry_4a2192e8040e3648,通用设备制造,Industry
industry_fa6218b66f0c9d03,"通用设备制造,互联网",Industry
industry_d9a4433df6aa1a75,"通用设备制造,计算机软件",Industry
industry_25cac55b78c5d2cb,"通用设备制造,通用设备制造",Industry
industry_c00eca71f6d6d9d7,邮政/快递,Industry
industry_96d4ba2c0d58951a,酒店/民宿,Industry
industry_71c8bae65c4bbd79,金属制品业,Industry
industry_50e62290bd449fe3,"金属制品业,仪器仪表制造,电气机械/电力设备",Industry
industry_d8fcfb91dc37a6c2,"金属制品业,房地产开发,矿产/采掘,互联网",Industry
industry_d15f4733aca9a61c,"金属制品业,汽车研发/制造,电子/半导体/集成电路",Industry
industry_e38ae69957f9d89d,"金属制品业,电子/半导体/集成电路,耐用消费品,贸易/进出口",Industry
industry_3d0608a226b44c79,"银行,银行,互联网金融/小额贷款",Industry
industry_f6488bbd9cadef0e,零售/批发,Industry
industry_85146f58d1cd34b0,"零售/批发,电子商务",Industry
industry_96f39ab1d5936290,"零售/批发,计算机软件",Industry
industry_c6055e0bfa0cb139,"非金属矿物制品业,非金属矿物制品业,电气机械/电力设备,电子/半导体/集成电路",Industry
industry_83d7a2e752c6ccf2,餐饮服务,Industry
