:START_ID(Job-ID),:END_ID(Skill-ID),:TYPE
job_4c14765528b76b65,skill_7bb2db306c50f716,REQUIRES_SKILL
job_4c14765528b76b65,skill_3cab68956fa7c812,REQUIRES_SKILL
job_4c14765528b76b65,skill_81c3b080dad537de,REQUIRES_SKILL
job_4c14765528b76b65,skill_a189c633d9995e11,REQUIRES_SKILL
job_4c14765528b76b65,skill_8081d2952393f402,REQUIRES_SKILL
job_4c14765528b76b65,skill_282701f07c485eaf,REQUIRES_SKILL
job_4c14765528b76b65,skill_32195d30766280e6,REQUIRES_SKILL
job_4c14765528b76b65,skill_cfc089f7d2c4bd1d,REQUIRES_SKILL
job_4c14765528b76b65,skill_96c069fbfec92380,REQUIRES_SKILL
job_4c14765528b76b65,skill_759fc99ad77012f6,REQUIRES_SKILL
job_4c14765528b76b65,skill_ab87c86ea684d388,REQUIRES_SKILL
job_4c14765528b76b65,skill_99a272194eb867ea,REQUIRES_SKILL
job_4c14765528b76b65,skill_1071535288d6c695,REQUIRES_SKILL
job_4c14765528b76b65,skill_8e8f905ba1cffc06,REQUIRES_SKILL
job_93f725a07423fe1c,skill_e84e30b9390cdb64,REQUIRES_SKILL
job_93f725a07423fe1c,skill_45f84a419234f7c8,REQUIRES_SKILL
job_93f725a07423fe1c,skill_0d61f8370cad1d41,REQUIRES_SKILL
job_93f725a07423fe1c,skill_d7efa19fbe7d3972,REQUIRES_SKILL
job_93f725a07423fe1c,skill_d2c8954bc927ff2f,REQUIRES_SKILL
job_93f725a07423fe1c,skill_14eb4c2a0f08e150,REQUIRES_SKILL
job_93f725a07423fe1c,skill_4e7fedd1459993b0,REQUIRES_SKILL
job_93f725a07423fe1c,skill_4d1a70d3cfced2e9,REQUIRES_SKILL
job_93f725a07423fe1c,skill_ba3f2adea47b86b0,REQUIRES_SKILL
job_93f725a07423fe1c,skill_d50ce9e51d0152fc,REQUIRES_SKILL
job_93f725a07423fe1c,skill_d52387880e1ea228,REQUIRES_SKILL
job_93f725a07423fe1c,skill_246a23d0d14d63aa,REQUIRES_SKILL
job_93f725a07423fe1c,skill_62a004b95946bb97,REQUIRES_SKILL
job_93f725a07423fe1c,skill_bd5c8a1afe53c8ba,REQUIRES_SKILL
job_93f725a07423fe1c,skill_d5980cdc9c5af6e3,REQUIRES_SKILL
job_93f725a07423fe1c,skill_600cf223eb4aae2a,REQUIRES_SKILL
job_93f725a07423fe1c,skill_7aba5a309a02e569,REQUIRES_SKILL
job_93f725a07423fe1c,skill_bdce3727c54e433d,REQUIRES_SKILL
job_93f725a07423fe1c,skill_ae8fb49ca33022b2,REQUIRES_SKILL
job_93f725a07423fe1c,skill_db06c78d1e24cf70,REQUIRES_SKILL
job_99a272194eb867ea,skill_9c50fd4d4c93b24e,REQUIRES_SKILL
job_99a272194eb867ea,skill_46b48eda23b88640,REQUIRES_SKILL
job_99a272194eb867ea,skill_62a004b95946bb97,REQUIRES_SKILL
job_99a272194eb867ea,skill_6f061e1cad5e2783,REQUIRES_SKILL
job_99a272194eb867ea,skill_c49dfb55f06bb406,REQUIRES_SKILL
job_99a272194eb867ea,skill_9edfb6c1f33a21e9,REQUIRES_SKILL
job_99a272194eb867ea,skill_010b39bfdfb1771e,REQUIRES_SKILL
job_99a272194eb867ea,skill_e85686edeaa97da8,REQUIRES_SKILL
job_99a272194eb867ea,skill_9e3051e65c6a297e,REQUIRES_SKILL
job_99a272194eb867ea,skill_4c255a22070f156f,REQUIRES_SKILL
job_99a272194eb867ea,skill_c5b56c2dbf486e31,REQUIRES_SKILL
job_99a272194eb867ea,skill_9d6391ba9afad74f,REQUIRES_SKILL
job_4142cecaac11f927,skill_e9f7ff5dd9c985d1,REQUIRES_SKILL
job_4142cecaac11f927,skill_1ed1a2ba3069ae0d,REQUIRES_SKILL
job_4142cecaac11f927,skill_3940e082044f2b86,REQUIRES_SKILL
job_4142cecaac11f927,skill_b9811d421e307af1,REQUIRES_SKILL
job_4142cecaac11f927,skill_d3dbd05adee924dd,REQUIRES_SKILL
job_4142cecaac11f927,skill_d2883f674a6c6464,REQUIRES_SKILL
job_4142cecaac11f927,skill_dad8aea283485dbb,REQUIRES_SKILL
job_4142cecaac11f927,skill_454cf5432323b5cb,REQUIRES_SKILL
job_4142cecaac11f927,skill_74ad99c9ac5ce647,REQUIRES_SKILL
job_4142cecaac11f927,skill_b98e9bcc73f9d68d,REQUIRES_SKILL
job_4142cecaac11f927,skill_b07d3c747f59e3a3,REQUIRES_SKILL
job_4142cecaac11f927,skill_ba9fbebea751d157,REQUIRES_SKILL
job_4142cecaac11f927,skill_f4f8f6c4200b64cd,REQUIRES_SKILL
job_4142cecaac11f927,skill_9f414dd514b58577,REQUIRES_SKILL
job_4142cecaac11f927,skill_32f7800ab59f83ed,REQUIRES_SKILL
job_f76ae5ed9254dcc0,skill_faa054b20844b199,REQUIRES_SKILL
job_f76ae5ed9254dcc0,skill_490ba973709f581b,REQUIRES_SKILL
job_f76ae5ed9254dcc0,skill_8a59586a3be72b36,REQUIRES_SKILL
job_f76ae5ed9254dcc0,skill_878578b0eea31695,REQUIRES_SKILL
job_3c4f968cb95317e0,skill_8614e07de474f2f0,REQUIRES_SKILL
job_3c4f968cb95317e0,skill_4e939dbec7e38dba,REQUIRES_SKILL
job_3c4f968cb95317e0,skill_04a99fc805cafcd3,REQUIRES_SKILL
job_3c4f968cb95317e0,skill_2cd5a039ccd2f519,REQUIRES_SKILL
job_3c4f968cb95317e0,skill_6fa8bb82858555fb,REQUIRES_SKILL
job_3c4f968cb95317e0,skill_9f45b409a0873e65,REQUIRES_SKILL
job_3c4f968cb95317e0,skill_69aec1ffb2555141,REQUIRES_SKILL
job_3c4f968cb95317e0,skill_4c255a22070f156f,REQUIRES_SKILL
job_3c4f968cb95317e0,skill_871c6b394c31e6d9,REQUIRES_SKILL
job_3c4f968cb95317e0,skill_b8af88db0f532cd5,REQUIRES_SKILL
job_3c4f968cb95317e0,skill_2fc80344328def7c,REQUIRES_SKILL
job_3c4f968cb95317e0,skill_95b54af3b70bc833,REQUIRES_SKILL
job_3c4f968cb95317e0,skill_bb8d9f45f459d5e4,REQUIRES_SKILL
job_cf31214be2321080,skill_20b1658981a4f595,REQUIRES_SKILL
job_cf31214be2321080,skill_292f63cd12871b56,REQUIRES_SKILL
job_cf31214be2321080,skill_0f3cc3548735b1bc,REQUIRES_SKILL
job_cf31214be2321080,skill_49e35dcc114906a3,REQUIRES_SKILL
job_cf31214be2321080,skill_28088e9f7c82bbbc,REQUIRES_SKILL
job_cf31214be2321080,skill_21f4daf2e06e6213,REQUIRES_SKILL
job_cf31214be2321080,skill_655d4ce7ff9e5395,REQUIRES_SKILL
job_cf31214be2321080,skill_6a7db8bd05c3fb51,REQUIRES_SKILL
job_c022617a8d3fb9ea,skill_da08da1eec28c6af,REQUIRES_SKILL
job_c022617a8d3fb9ea,skill_b720c0fd19b932d9,REQUIRES_SKILL
job_c022617a8d3fb9ea,skill_d1a12912934f3987,REQUIRES_SKILL
job_c022617a8d3fb9ea,skill_f3470a1a6f84f37d,REQUIRES_SKILL
job_c022617a8d3fb9ea,skill_28005c8a665a486f,REQUIRES_SKILL
job_c022617a8d3fb9ea,skill_f20be8a6ede11e7e,REQUIRES_SKILL
job_c022617a8d3fb9ea,skill_c244824295b707a2,REQUIRES_SKILL
job_c022617a8d3fb9ea,skill_ca0deed956a0609b,REQUIRES_SKILL
job_b0236788176e25e8,skill_850ede946229ee4a,REQUIRES_SKILL
job_b0236788176e25e8,skill_f9254ae05cb10ead,REQUIRES_SKILL
job_b0236788176e25e8,skill_474da1b5cc0c4be1,REQUIRES_SKILL
job_b0236788176e25e8,skill_63c3e8210ebc47d2,REQUIRES_SKILL
job_b0236788176e25e8,skill_f42d0d319441b4a5,REQUIRES_SKILL
job_b0236788176e25e8,skill_8a2b56e293ee788f,REQUIRES_SKILL
job_13b4e06b73fe2f6d,skill_688289327ee05bfb,REQUIRES_SKILL
job_13b4e06b73fe2f6d,skill_e605ad51d41e9b03,REQUIRES_SKILL
job_13b4e06b73fe2f6d,skill_eef4d5614b86df9d,REQUIRES_SKILL
job_13b4e06b73fe2f6d,skill_002c82af39c4591f,REQUIRES_SKILL
job_13b4e06b73fe2f6d,skill_0f851ae8131e5b72,REQUIRES_SKILL
job_13b4e06b73fe2f6d,skill_0eefc45aa6ce21b6,REQUIRES_SKILL
job_13b4e06b73fe2f6d,skill_58674001865fe31f,REQUIRES_SKILL
job_eb3dbea0981af154,skill_9581ea230d7aaeae,REQUIRES_SKILL
job_eb3dbea0981af154,skill_d3827e3e4af2c26b,REQUIRES_SKILL
job_eb3dbea0981af154,skill_1279ce8e1b3485c3,REQUIRES_SKILL
job_eb3dbea0981af154,skill_b3e7689e90598c7b,REQUIRES_SKILL
job_eb3dbea0981af154,skill_86c56edb9994e0da,REQUIRES_SKILL
job_fa668a72b1ae10cd,skill_07435bf6d119dd46,REQUIRES_SKILL
job_fa668a72b1ae10cd,skill_3212f3f2349fd5ee,REQUIRES_SKILL
job_fa668a72b1ae10cd,skill_470e97d9c8880528,REQUIRES_SKILL
job_fa668a72b1ae10cd,skill_377bda165d285db6,REQUIRES_SKILL
job_fa668a72b1ae10cd,skill_d54fa44da8c64a62,REQUIRES_SKILL
job_fa668a72b1ae10cd,skill_b9fcf2b9c5641f58,REQUIRES_SKILL
job_fa668a72b1ae10cd,skill_6e32b3c9ee00e44e,REQUIRES_SKILL
job_fa668a72b1ae10cd,skill_e4d9438e4c056d8b,REQUIRES_SKILL
job_fa668a72b1ae10cd,skill_380a58ee47dc8c92,REQUIRES_SKILL
job_fa668a72b1ae10cd,skill_152ec07d3af4242f,REQUIRES_SKILL
job_b3b8330c883382e2,skill_9bea1f5fd47491f5,REQUIRES_SKILL
job_b3b8330c883382e2,skill_1896ae3d73ff1ade,REQUIRES_SKILL
job_b3b8330c883382e2,skill_5a632ccb8dc30036,REQUIRES_SKILL
job_b3b8330c883382e2,skill_d73e80456331ed9c,REQUIRES_SKILL
job_b3b8330c883382e2,skill_be835bef1c0e8e1c,REQUIRES_SKILL
job_b3b8330c883382e2,skill_0b02f76f6516dcb0,REQUIRES_SKILL
job_aca446cd16fece9b,skill_db4e61aa1d4a1802,REQUIRES_SKILL
job_aca446cd16fece9b,skill_c0116a299c38dd66,REQUIRES_SKILL
job_aca446cd16fece9b,skill_86bb803eb6196783,REQUIRES_SKILL
job_aca446cd16fece9b,skill_c04d8dc94de507b3,REQUIRES_SKILL
job_aca446cd16fece9b,skill_1fb5384197d2cd2b,REQUIRES_SKILL
job_aca446cd16fece9b,skill_9c1b0c717e9b70bb,REQUIRES_SKILL
job_aca446cd16fece9b,skill_bec1a4607bf122dc,REQUIRES_SKILL
job_aca446cd16fece9b,skill_45990392752cbeb9,REQUIRES_SKILL
job_04aea8834ee4f6d8,skill_182361c3505f9aa0,REQUIRES_SKILL
job_04aea8834ee4f6d8,skill_329171e2d912032a,REQUIRES_SKILL
job_04aea8834ee4f6d8,skill_65a075a1a33b2bea,REQUIRES_SKILL
job_1345f77a5e9f3679,skill_ceae1cbc2ea900e8,REQUIRES_SKILL
job_1345f77a5e9f3679,skill_97d4b23cd75926fc,REQUIRES_SKILL
job_1345f77a5e9f3679,skill_7aaab18c6b50df9e,REQUIRES_SKILL
job_1345f77a5e9f3679,skill_d4cc146aa5adeb71,REQUIRES_SKILL
job_1345f77a5e9f3679,skill_13966560416c488e,REQUIRES_SKILL
job_1345f77a5e9f3679,skill_f0ee14be8daff1e8,REQUIRES_SKILL
job_1345f77a5e9f3679,skill_96024a9c1dfe40b5,REQUIRES_SKILL
job_1345f77a5e9f3679,skill_195af93fcc871b8b,REQUIRES_SKILL
job_aabdf996c696374d,skill_926b6b3c56f3eec3,REQUIRES_SKILL
job_aabdf996c696374d,skill_d7fcb23a19e35ed4,REQUIRES_SKILL
job_aabdf996c696374d,skill_162463bb615fbcf3,REQUIRES_SKILL
job_aabdf996c696374d,skill_6a26afa74c502ea6,REQUIRES_SKILL
job_aabdf996c696374d,skill_ceae1cbc2ea900e8,REQUIRES_SKILL
job_aabdf996c696374d,skill_de2299e31c5d6941,REQUIRES_SKILL
job_aabdf996c696374d,skill_acf622e266433d4e,REQUIRES_SKILL
job_aabdf996c696374d,skill_166e04d186a55718,REQUIRES_SKILL
job_aabdf996c696374d,skill_1878b7da829f09e2,REQUIRES_SKILL
job_aabdf996c696374d,skill_ca918be510471cf4,REQUIRES_SKILL
job_aabdf996c696374d,skill_10954825cf7b56ad,REQUIRES_SKILL
job_aabdf996c696374d,skill_5446aa223574b90b,REQUIRES_SKILL
job_bdcfba1bbf410d2e,skill_792ab918704ae5d2,REQUIRES_SKILL
job_bdcfba1bbf410d2e,skill_cdc26b243182ea64,REQUIRES_SKILL
job_bdcfba1bbf410d2e,skill_ffcce57369a0a316,REQUIRES_SKILL
job_bdcfba1bbf410d2e,skill_d3827e3e4af2c26b,REQUIRES_SKILL
job_bdcfba1bbf410d2e,skill_76d25c5f859c4dae,REQUIRES_SKILL
job_bdcfba1bbf410d2e,skill_6054c81de84818a2,REQUIRES_SKILL
job_bdcfba1bbf410d2e,skill_81192e1651c5b9ae,REQUIRES_SKILL
job_bdcfba1bbf410d2e,skill_d913ad1a4d953b78,REQUIRES_SKILL
job_16ad867ce3876074,skill_03141fc2a32aaa9c,REQUIRES_SKILL
job_16ad867ce3876074,skill_bcb7fedd9d2bc032,REQUIRES_SKILL
job_16ad867ce3876074,skill_deb8c271e9f46eea,REQUIRES_SKILL
job_16ad867ce3876074,skill_26e8fc7ab461792d,REQUIRES_SKILL
job_8d8c65e04f25c1f8,skill_8d8c65e04f25c1f8,REQUIRES_SKILL
job_8d8c65e04f25c1f8,skill_b6eb61404a2e4b6a,REQUIRES_SKILL
job_8d8c65e04f25c1f8,skill_5112c6f0c6d37bdc,REQUIRES_SKILL
job_8d8c65e04f25c1f8,skill_ac0d14b29227881a,REQUIRES_SKILL
job_190a13c69bcd01e8,skill_bc134e0cfb03e203,REQUIRES_SKILL
job_190a13c69bcd01e8,skill_fa774b153829fe39,REQUIRES_SKILL
job_190a13c69bcd01e8,skill_92824b76f2f1fa34,REQUIRES_SKILL
job_190a13c69bcd01e8,skill_8533821dd6251280,REQUIRES_SKILL
job_190a13c69bcd01e8,skill_fe1f5ed740dc00fc,REQUIRES_SKILL
job_190a13c69bcd01e8,skill_59b2c23d6329548b,REQUIRES_SKILL
job_190a13c69bcd01e8,skill_6077a7d96628049a,REQUIRES_SKILL
job_45c0014d002b2441,skill_0a40e3c91a3a55c9,REQUIRES_SKILL
job_45c0014d002b2441,skill_d3d4c5deb455ac79,REQUIRES_SKILL
job_45c0014d002b2441,skill_6f9ca2244df5a331,REQUIRES_SKILL
job_45c0014d002b2441,skill_c7bfec6cc192059c,REQUIRES_SKILL
job_45c0014d002b2441,skill_c4cd0a00592acfbc,REQUIRES_SKILL
job_45c0014d002b2441,skill_6450d84327e5a11b,REQUIRES_SKILL
job_45c0014d002b2441,skill_bee8bf0c1e7b82f7,REQUIRES_SKILL
job_45c0014d002b2441,skill_2afba1f8cb3fe885,REQUIRES_SKILL
job_45c0014d002b2441,skill_04b3e46bd8165c41,REQUIRES_SKILL
job_e7bf21c3293048cb,skill_3b71fdea020c375b,REQUIRES_SKILL
job_e7bf21c3293048cb,skill_57f4b4aee652ee11,REQUIRES_SKILL
job_e7bf21c3293048cb,skill_978153e0484f85f3,REQUIRES_SKILL
job_e7bf21c3293048cb,skill_9f1067c5076be966,REQUIRES_SKILL
job_e7bf21c3293048cb,skill_42a305a9753b22ca,REQUIRES_SKILL
job_e7bf21c3293048cb,skill_4d54c97733c208ab,REQUIRES_SKILL
job_e7bf21c3293048cb,skill_6a44cd64241a08d1,REQUIRES_SKILL
job_e7bf21c3293048cb,skill_f2589afd60b83802,REQUIRES_SKILL
job_e7bf21c3293048cb,skill_1c5f2f96cec5aaf0,REQUIRES_SKILL
job_e7bf21c3293048cb,skill_9863591b9373e7a8,REQUIRES_SKILL
job_e7bf21c3293048cb,skill_6a15e1ca69011755,REQUIRES_SKILL
job_e7bf21c3293048cb,skill_cb771886febe3bf8,REQUIRES_SKILL
job_cd2fec21f8eb7370,skill_faa50dbad24fa01f,REQUIRES_SKILL
job_cd2fec21f8eb7370,skill_1896ae3d73ff1ade,REQUIRES_SKILL
job_cd2fec21f8eb7370,skill_a8d652cceb8ac02f,REQUIRES_SKILL
job_cd2fec21f8eb7370,skill_600627e068e82b76,REQUIRES_SKILL
job_cd2fec21f8eb7370,skill_9af4fb0a80ca7ecf,REQUIRES_SKILL
job_cd2fec21f8eb7370,skill_97d69285cd12046c,REQUIRES_SKILL
job_cd2fec21f8eb7370,skill_763f42bdd1f315cb,REQUIRES_SKILL
job_cd2fec21f8eb7370,skill_6077a7d96628049a,REQUIRES_SKILL
job_cd2fec21f8eb7370,skill_0caa44e6cadf3515,REQUIRES_SKILL
job_3a5fa7768ca17150,skill_fb5022cc6bb61006,REQUIRES_SKILL
job_3a5fa7768ca17150,skill_f559bcf8541a0de8,REQUIRES_SKILL
job_3a5fa7768ca17150,skill_89bc2a21c778b36d,REQUIRES_SKILL
job_3a5fa7768ca17150,skill_8bf303c0021ce5bb,REQUIRES_SKILL
job_3a5fa7768ca17150,skill_06b8d69f629f8c67,REQUIRES_SKILL
job_3a5fa7768ca17150,skill_e254c22db8ac7887,REQUIRES_SKILL
job_3a5fa7768ca17150,skill_5304da0de4465588,REQUIRES_SKILL
job_3a5fa7768ca17150,skill_37f245dcbf41ca6e,REQUIRES_SKILL
job_3a5fa7768ca17150,skill_36542b596ef62f9f,REQUIRES_SKILL
job_3a5fa7768ca17150,skill_1c2927370df2aba0,REQUIRES_SKILL
job_3a5fa7768ca17150,skill_93f480b3564a8522,REQUIRES_SKILL
job_3a5fa7768ca17150,skill_e403669356aeba3f,REQUIRES_SKILL
job_3a5fa7768ca17150,skill_0940ec52a534cf17,REQUIRES_SKILL
job_3a5fa7768ca17150,skill_611f93c61a1424f3,REQUIRES_SKILL
job_3a5fa7768ca17150,skill_a064a4f42ecf8bc5,REQUIRES_SKILL
job_3a5fa7768ca17150,skill_67e220f7cd989b33,REQUIRES_SKILL
job_169613d0b39d1779,skill_4eda9ac99a5e98b5,REQUIRES_SKILL
job_169613d0b39d1779,skill_8c76fd054c6af6f0,REQUIRES_SKILL
job_169613d0b39d1779,skill_f40bd434205730c3,REQUIRES_SKILL
job_169613d0b39d1779,skill_bee410642b75cee8,REQUIRES_SKILL
job_169613d0b39d1779,skill_1d03083f4d49591a,REQUIRES_SKILL
job_169613d0b39d1779,skill_e1a89368c8e067bd,REQUIRES_SKILL
job_169613d0b39d1779,skill_299d3a6c95be3cf0,REQUIRES_SKILL
job_169613d0b39d1779,skill_b66dfb26743a6a51,REQUIRES_SKILL
job_169613d0b39d1779,skill_a67e3d245a28c162,REQUIRES_SKILL
job_169613d0b39d1779,skill_86f7144ccfff8e1f,REQUIRES_SKILL
job_6c9333a2f8189af5,skill_d141991cb6e53c60,REQUIRES_SKILL
job_6c9333a2f8189af5,skill_fea507d6d60a10c5,REQUIRES_SKILL
job_6c9333a2f8189af5,skill_67961611824d6932,REQUIRES_SKILL
job_6c9333a2f8189af5,skill_6450d84327e5a11b,REQUIRES_SKILL
job_6c9333a2f8189af5,skill_299d3a6c95be3cf0,REQUIRES_SKILL
job_6c9333a2f8189af5,skill_a1097333750b3924,REQUIRES_SKILL
job_6c9333a2f8189af5,skill_963882d27eb1aba3,REQUIRES_SKILL
job_6c9333a2f8189af5,skill_ee54dd43d89bf841,REQUIRES_SKILL
job_6c9333a2f8189af5,skill_fff0dadce6ae802b,REQUIRES_SKILL
job_6c9333a2f8189af5,skill_20bd8b7a2e9a8453,REQUIRES_SKILL
job_6c9333a2f8189af5,skill_64cf75f0b73a5d16,REQUIRES_SKILL
job_6c9333a2f8189af5,skill_bcfe02a10dc955bf,REQUIRES_SKILL
job_6c9333a2f8189af5,skill_7b9d2b64cb7cdeef,REQUIRES_SKILL
job_6c9333a2f8189af5,skill_1e47f4f9a6243d90,REQUIRES_SKILL
job_e0b7fbae4b6d484e,skill_4bf165f847628e14,REQUIRES_SKILL
job_e0b7fbae4b6d484e,skill_1eac08869f196892,REQUIRES_SKILL
job_e0b7fbae4b6d484e,skill_6d75a24fef5f28cd,REQUIRES_SKILL
job_e0b7fbae4b6d484e,skill_2bc73516c0467a98,REQUIRES_SKILL
job_e0b7fbae4b6d484e,skill_de2299e31c5d6941,REQUIRES_SKILL
job_e0b7fbae4b6d484e,skill_ad29936576715156,REQUIRES_SKILL
job_e0b7fbae4b6d484e,skill_ab80cc600b397b59,REQUIRES_SKILL
job_e0b7fbae4b6d484e,skill_ae44754c88033fc0,REQUIRES_SKILL
job_e0b7fbae4b6d484e,skill_6077a7d96628049a,REQUIRES_SKILL
job_e0b7fbae4b6d484e,skill_374acfe473d3cc28,REQUIRES_SKILL
job_b647b2ff687cce63,skill_44f1f19bd06d926e,REQUIRES_SKILL
job_b647b2ff687cce63,skill_5f8aaa4ebc391564,REQUIRES_SKILL
job_b647b2ff687cce63,skill_0f3d244c4c6fc076,REQUIRES_SKILL
job_b647b2ff687cce63,skill_a8d652cceb8ac02f,REQUIRES_SKILL
job_b647b2ff687cce63,skill_c47008155dc5fe92,REQUIRES_SKILL
job_b647b2ff687cce63,skill_bc2a4fa80336afa5,REQUIRES_SKILL
job_b647b2ff687cce63,skill_b731954ef34ab0fd,REQUIRES_SKILL
job_b647b2ff687cce63,skill_bbbeff553c55397c,REQUIRES_SKILL
job_b647b2ff687cce63,skill_f89ba537dc174a31,REQUIRES_SKILL
job_b647b2ff687cce63,skill_e58e33693da01b6a,REQUIRES_SKILL
job_b647b2ff687cce63,skill_b79638a35a9c992a,REQUIRES_SKILL
job_b647b2ff687cce63,skill_45ffe29a68fdd44f,REQUIRES_SKILL
job_b647b2ff687cce63,skill_5003f7d59959f860,REQUIRES_SKILL
job_2899702b726f1bbc,skill_850ede946229ee4a,REQUIRES_SKILL
job_2899702b726f1bbc,skill_ceae1cbc2ea900e8,REQUIRES_SKILL
job_2899702b726f1bbc,skill_de2299e31c5d6941,REQUIRES_SKILL
job_2899702b726f1bbc,skill_dc229def7f4c8ae4,REQUIRES_SKILL
job_2899702b726f1bbc,skill_d3d59acaf575a0b7,REQUIRES_SKILL
job_2899702b726f1bbc,skill_78b620cbc209c93c,REQUIRES_SKILL
job_2899702b726f1bbc,skill_207a33cf4e6c471a,REQUIRES_SKILL
job_2899702b726f1bbc,skill_a78b3fc3f311cc58,REQUIRES_SKILL
job_2899702b726f1bbc,skill_3516c705807d6b97,REQUIRES_SKILL
job_d751bc4305e88659,skill_943993d26608d606,REQUIRES_SKILL
job_d751bc4305e88659,skill_ca21c50ee1d19c00,REQUIRES_SKILL
job_d751bc4305e88659,skill_3480cfea497ee7a4,REQUIRES_SKILL
job_d751bc4305e88659,skill_c5c1f61a3fe60d62,REQUIRES_SKILL
job_d751bc4305e88659,skill_7944981904016580,REQUIRES_SKILL
job_a3c4c06d0aa660fb,skill_ff08fac41aa7dbd2,REQUIRES_SKILL
job_a3c4c06d0aa660fb,skill_83a4cca8c3bd9958,REQUIRES_SKILL
job_a3c4c06d0aa660fb,skill_147c86400912860b,REQUIRES_SKILL
job_a3c4c06d0aa660fb,skill_8983351cd1fe2d8b,REQUIRES_SKILL
job_a3c4c06d0aa660fb,skill_6a3dbc0daf4fdd00,REQUIRES_SKILL
job_a3c4c06d0aa660fb,skill_c7a580cb14cc59f4,REQUIRES_SKILL
job_a3c4c06d0aa660fb,skill_38b949403acdb1a3,REQUIRES_SKILL
job_a3c4c06d0aa660fb,skill_d46796d2d215d291,REQUIRES_SKILL
job_a3c4c06d0aa660fb,skill_c409ae370d77cef0,REQUIRES_SKILL
job_a3c4c06d0aa660fb,skill_8177a7296b938a9b,REQUIRES_SKILL
job_2eb49af2b11d1f42,skill_850ede946229ee4a,REQUIRES_SKILL
job_2eb49af2b11d1f42,skill_d926a79a1b43e834,REQUIRES_SKILL
job_2eb49af2b11d1f42,skill_0bee908be99da1d7,REQUIRES_SKILL
job_2eb49af2b11d1f42,skill_6450d84327e5a11b,REQUIRES_SKILL
job_2eb49af2b11d1f42,skill_5356ff374510398b,REQUIRES_SKILL
job_2eb49af2b11d1f42,skill_ec60332832d3fb4e,REQUIRES_SKILL
job_2eb49af2b11d1f42,skill_4062229f9fbc4e83,REQUIRES_SKILL
job_2eb49af2b11d1f42,skill_bb08dcf1d31826a2,REQUIRES_SKILL
job_2eb49af2b11d1f42,skill_3cae1de9372b9a18,REQUIRES_SKILL
job_2eb49af2b11d1f42,skill_62efd27313a07e19,REQUIRES_SKILL
job_2eb49af2b11d1f42,skill_4b0e5e51e1deab6b,REQUIRES_SKILL
job_2eb49af2b11d1f42,skill_eff1820b99472904,REQUIRES_SKILL
job_2eb49af2b11d1f42,skill_195af93fcc871b8b,REQUIRES_SKILL
job_2eb49af2b11d1f42,skill_436367b06614c1be,REQUIRES_SKILL
job_2eb49af2b11d1f42,skill_31387bddc160953d,REQUIRES_SKILL
job_0958f7936b560695,skill_ff17b9f9cd551e7e,REQUIRES_SKILL
job_0958f7936b560695,skill_2039aefc471a3636,REQUIRES_SKILL
job_0958f7936b560695,skill_a0a7db08f316ae79,REQUIRES_SKILL
job_0958f7936b560695,skill_8533821dd6251280,REQUIRES_SKILL
job_0958f7936b560695,skill_520f9e6ca3c0f1fd,REQUIRES_SKILL
job_0973384dd5cd70c7,skill_0329f5a8106bdadb,REQUIRES_SKILL
job_0973384dd5cd70c7,skill_c012b69ea9c3954b,REQUIRES_SKILL
job_0973384dd5cd70c7,skill_cea3103beccc9b53,REQUIRES_SKILL
job_0973384dd5cd70c7,skill_8c012ea48ee1b179,REQUIRES_SKILL
job_0973384dd5cd70c7,skill_00da221a8c3c071a,REQUIRES_SKILL
job_0973384dd5cd70c7,skill_0ee925a40a4172b2,REQUIRES_SKILL
job_0973384dd5cd70c7,skill_b2144a2aa5bade4c,REQUIRES_SKILL
job_0973384dd5cd70c7,skill_93b3c41f9aaf8e36,REQUIRES_SKILL
job_0973384dd5cd70c7,skill_e389d26e9989d645,REQUIRES_SKILL
job_0973384dd5cd70c7,skill_5c61b668ce7ac39b,REQUIRES_SKILL
job_0973384dd5cd70c7,skill_88416c6718897f28,REQUIRES_SKILL
job_0973384dd5cd70c7,skill_a36541de0c89118d,REQUIRES_SKILL
job_864675fae7fe40e4,skill_c56faefc1db0028b,REQUIRES_SKILL
job_864675fae7fe40e4,skill_5195a4539643b73b,REQUIRES_SKILL
job_864675fae7fe40e4,skill_68cc7e630cb3635b,REQUIRES_SKILL
job_864675fae7fe40e4,skill_60a1f4451209e6c0,REQUIRES_SKILL
job_864675fae7fe40e4,skill_804a9a6fdce6024a,REQUIRES_SKILL
job_864675fae7fe40e4,skill_02484b1878190619,REQUIRES_SKILL
job_864675fae7fe40e4,skill_601ea27595d61e18,REQUIRES_SKILL
job_864675fae7fe40e4,skill_5af2886121bd03d1,REQUIRES_SKILL
job_864675fae7fe40e4,skill_e9db7361e0796340,REQUIRES_SKILL
job_864675fae7fe40e4,skill_afbe0f079c7f1f40,REQUIRES_SKILL
job_864675fae7fe40e4,skill_1902de5d07d30bb6,REQUIRES_SKILL
job_05360c01c2884c0f,skill_ceae1cbc2ea900e8,REQUIRES_SKILL
job_05360c01c2884c0f,skill_3af0889ba30c4fdd,REQUIRES_SKILL
job_05360c01c2884c0f,skill_b8ac2aa9980aeec1,REQUIRES_SKILL
job_05360c01c2884c0f,skill_5e3d5817c078061c,REQUIRES_SKILL
job_05360c01c2884c0f,skill_65f494d7620010ed,REQUIRES_SKILL
job_05360c01c2884c0f,skill_e669adad1710646d,REQUIRES_SKILL
job_0f21fcc344e370fe,skill_ee50e18d97e379b7,REQUIRES_SKILL
job_0f21fcc344e370fe,skill_e69c75a5bc6ad65c,REQUIRES_SKILL
job_0f21fcc344e370fe,skill_96a8e53df5c038d0,REQUIRES_SKILL
job_0f21fcc344e370fe,skill_f9a076c0c45d3625,REQUIRES_SKILL
job_0f21fcc344e370fe,skill_f7ccd7336f1d1b7c,REQUIRES_SKILL
job_7f69d84724c9c614,skill_4147e3acf2d92355,REQUIRES_SKILL
job_7f69d84724c9c614,skill_5fbcd05a9852d3c3,REQUIRES_SKILL
job_7f69d84724c9c614,skill_acf622e266433d4e,REQUIRES_SKILL
job_7f69d84724c9c614,skill_3cb9d9ee23e600c7,REQUIRES_SKILL
job_7f69d84724c9c614,skill_2cd6de418990d233,REQUIRES_SKILL
job_7f69d84724c9c614,skill_749cec120cd1c562,REQUIRES_SKILL
job_7f69d84724c9c614,skill_6450d84327e5a11b,REQUIRES_SKILL
job_7f69d84724c9c614,skill_45d46ad21249b32b,REQUIRES_SKILL
job_7f69d84724c9c614,skill_6bb37733de2a0882,REQUIRES_SKILL
job_7f69d84724c9c614,skill_0c62fd6190387a92,REQUIRES_SKILL
job_7f69d84724c9c614,skill_631e479d61e036a8,REQUIRES_SKILL
job_7f69d84724c9c614,skill_4ba86c2968c9bd70,REQUIRES_SKILL
job_7f69d84724c9c614,skill_9d275110c32f88e2,REQUIRES_SKILL
job_9fa52e0a2da60a36,skill_3f49aa981dc8c02f,REQUIRES_SKILL
job_9fa52e0a2da60a36,skill_737b29873d1f6da6,REQUIRES_SKILL
job_9fa52e0a2da60a36,skill_da3f4f4edd7a7fae,REQUIRES_SKILL
job_9fa52e0a2da60a36,skill_6450d84327e5a11b,REQUIRES_SKILL
job_9fa52e0a2da60a36,skill_3de4fdbb296b1218,REQUIRES_SKILL
job_7c734d8dbd7cefc0,skill_1bfae9aa0f35ef85,REQUIRES_SKILL
job_7c734d8dbd7cefc0,skill_34c7ff3ecac455d9,REQUIRES_SKILL
job_7c734d8dbd7cefc0,skill_666b7971e5ae83be,REQUIRES_SKILL
job_7c734d8dbd7cefc0,skill_30f0b34aae19adbb,REQUIRES_SKILL
job_7c734d8dbd7cefc0,skill_9741b8c6ad1ada56,REQUIRES_SKILL
job_7c734d8dbd7cefc0,skill_21f4daf2e06e6213,REQUIRES_SKILL
job_a30ef424ca18342c,skill_4bf165f847628e14,REQUIRES_SKILL
job_a30ef424ca18342c,skill_c4da999787c09768,REQUIRES_SKILL
job_a30ef424ca18342c,skill_b82f087520ec550a,REQUIRES_SKILL
job_a30ef424ca18342c,skill_ceae1cbc2ea900e8,REQUIRES_SKILL
job_a30ef424ca18342c,skill_11ae238102e52031,REQUIRES_SKILL
job_a30ef424ca18342c,skill_de2299e31c5d6941,REQUIRES_SKILL
job_a30ef424ca18342c,skill_e94d64551c760e1d,REQUIRES_SKILL
job_a30ef424ca18342c,skill_96bd7f47d004c9df,REQUIRES_SKILL
job_a30ef424ca18342c,skill_c2633999924e535a,REQUIRES_SKILL
job_a30ef424ca18342c,skill_9c0c6778053929e2,REQUIRES_SKILL
job_a30ef424ca18342c,skill_10954825cf7b56ad,REQUIRES_SKILL
job_a30ef424ca18342c,skill_01249a11ce98b836,REQUIRES_SKILL
job_026f1ca8b5d14b87,skill_b8ec712dc0a78e9b,REQUIRES_SKILL
job_026f1ca8b5d14b87,skill_2fb50caea08d2ab8,REQUIRES_SKILL
job_026f1ca8b5d14b87,skill_b10f39c13b5f9af5,REQUIRES_SKILL
job_026f1ca8b5d14b87,skill_91dd748e27516c02,REQUIRES_SKILL
job_026f1ca8b5d14b87,skill_bf8bb9651a09d0fb,REQUIRES_SKILL
job_026f1ca8b5d14b87,skill_458f41d9c91ed589,REQUIRES_SKILL
job_026f1ca8b5d14b87,skill_43c3f2dc1b00ba73,REQUIRES_SKILL
job_2eeb8e13a8e39941,skill_850ede946229ee4a,REQUIRES_SKILL
job_2eeb8e13a8e39941,skill_b56e1914912804d3,REQUIRES_SKILL
job_2eeb8e13a8e39941,skill_27bdd9b2d66c769b,REQUIRES_SKILL
job_2eeb8e13a8e39941,skill_43003db6aef74879,REQUIRES_SKILL
job_2eeb8e13a8e39941,skill_cab65005ab0c727f,REQUIRES_SKILL
job_2eeb8e13a8e39941,skill_b6cccfd7a88d506a,REQUIRES_SKILL
job_2eeb8e13a8e39941,skill_87a89dca72cc1731,REQUIRES_SKILL
job_2eeb8e13a8e39941,skill_802b410590b15cd0,REQUIRES_SKILL
job_2eeb8e13a8e39941,skill_cd933a0e921afb29,REQUIRES_SKILL
job_2eeb8e13a8e39941,skill_c2aa2daff778b27b,REQUIRES_SKILL
job_b04f2101dd1ddb9e,skill_92309ba999167242,REQUIRES_SKILL
job_b04f2101dd1ddb9e,skill_24b2b37a7c7f33ed,REQUIRES_SKILL
job_b04f2101dd1ddb9e,skill_c94366429efea1e0,REQUIRES_SKILL
job_b04f2101dd1ddb9e,skill_984de5bf46edd4f2,REQUIRES_SKILL
job_830cb212a6df619f,skill_c1d81af5835844b4,REQUIRES_SKILL
job_830cb212a6df619f,skill_5be8fca867cdc288,REQUIRES_SKILL
job_830cb212a6df619f,skill_fea137f52a14c75c,REQUIRES_SKILL
job_830cb212a6df619f,skill_76d25c5f859c4dae,REQUIRES_SKILL
job_830cb212a6df619f,skill_94aa280634482a4c,REQUIRES_SKILL
job_830cb212a6df619f,skill_02484b1878190619,REQUIRES_SKILL
job_830cb212a6df619f,skill_ec60332832d3fb4e,REQUIRES_SKILL
job_cfce5a26d8af9321,skill_9afc146a5123d03d,REQUIRES_SKILL
job_cfce5a26d8af9321,skill_a0a4e8783e451e07,REQUIRES_SKILL
job_cfce5a26d8af9321,skill_21c3b79513e7b8d9,REQUIRES_SKILL
job_cfce5a26d8af9321,skill_e8b8d58346e94f58,REQUIRES_SKILL
job_cfce5a26d8af9321,skill_8bd540082f94a815,REQUIRES_SKILL
job_cfce5a26d8af9321,skill_955617b54136c76a,REQUIRES_SKILL
job_cfce5a26d8af9321,skill_c89c228e91a3f53a,REQUIRES_SKILL
job_8fd2e93c20a6cb9c,skill_4bf165f847628e14,REQUIRES_SKILL
job_8fd2e93c20a6cb9c,skill_e448e3d4955ab869,REQUIRES_SKILL
job_8fd2e93c20a6cb9c,skill_b9a635c956f77fde,REQUIRES_SKILL
job_8fd2e93c20a6cb9c,skill_e8702173dd840a8e,REQUIRES_SKILL
job_8fd2e93c20a6cb9c,skill_de2299e31c5d6941,REQUIRES_SKILL
job_8fd2e93c20a6cb9c,skill_5ae5661aec887e03,REQUIRES_SKILL
job_8fd2e93c20a6cb9c,skill_bb679c5aa1c780bb,REQUIRES_SKILL
job_8fd2e93c20a6cb9c,skill_ed2b62eed7fcb297,REQUIRES_SKILL
job_8fd2e93c20a6cb9c,skill_5df3e792e0fb3de0,REQUIRES_SKILL
job_8fd2e93c20a6cb9c,skill_520f9e6ca3c0f1fd,REQUIRES_SKILL
job_03e5f6eca9c9aa3c,skill_bc134e0cfb03e203,REQUIRES_SKILL
job_03e5f6eca9c9aa3c,skill_fa774b153829fe39,REQUIRES_SKILL
job_03e5f6eca9c9aa3c,skill_92824b76f2f1fa34,REQUIRES_SKILL
job_03e5f6eca9c9aa3c,skill_8533821dd6251280,REQUIRES_SKILL
job_03e5f6eca9c9aa3c,skill_fe1f5ed740dc00fc,REQUIRES_SKILL
job_03e5f6eca9c9aa3c,skill_59b2c23d6329548b,REQUIRES_SKILL
job_03e5f6eca9c9aa3c,skill_6077a7d96628049a,REQUIRES_SKILL
