:START_ID(Job-ID),:END_ID(Industry-ID),:TYPE
job_fd547cd6633e4256,industry_f81331fdf66577ea,BELONGS_TO_INDUSTRY
job_4c14765528b76b65,industry_e427b1aedad44472,BELONGS_TO_INDUSTRY
job_93f725a07423fe1c,industry_89d521992c13fd3a,BELONGS_TO_INDUSTRY
job_99a272194eb867ea,industry_200945027317732e,BELONGS_TO_INDUSTRY
job_93f725a07423fe1c,industry_d2c063f337e67c7c,BELONGS_TO_INDUSTRY
job_99a272194eb867ea,industry_e427b1aedad44472,BELONGS_TO_INDUSTRY
job_99a272194eb867ea,industry_4ded0541b052ab99,BELONGS_TO_INDUSTRY
job_4142cecaac11f927,industry_d15f4733aca9a61c,BELONGS_TO_INDUSTRY
job_93f725a07423fe1c,industry_f52bc719d8e8ec2f,BELONGS_TO_INDUSTRY
job_f76ae5ed9254dcc0,industry_200945027317732e,BELONGS_TO_INDUSTRY
job_3c4f968cb95317e0,industry_8e12111f26a77763,BELONGS_TO_INDUSTRY
job_4c14765528b76b65,industry_51092e2086259104,BELONGS_TO_INDUSTRY
job_99a272194eb867ea,industry_da89135649a6533f,BELONGS_TO_INDUSTRY
job_4c14765528b76b65,industry_200945027317732e,BELONGS_TO_INDUSTRY
job_3c4f968cb95317e0,industry_39f568947f178ca1,BELONGS_TO_INDUSTRY
job_3c4f968cb95317e0,industry_e427b1aedad44472,BELONGS_TO_INDUSTRY
job_93f725a07423fe1c,industry_4585c19e2758f6b9,BELONGS_TO_INDUSTRY
job_cf31214be2321080,industry_6eec3c5fdf8d905f,BELONGS_TO_INDUSTRY
job_f76ae5ed9254dcc0,industry_f068f0dad74789be,BELONGS_TO_INDUSTRY
job_93f725a07423fe1c,industry_3089aaf83219bb93,BELONGS_TO_INDUSTRY
job_99a272194eb867ea,industry_dd2785e67e7675b9,BELONGS_TO_INDUSTRY
job_99a272194eb867ea,industry_b7fb57b133832cc5,BELONGS_TO_INDUSTRY
job_4142cecaac11f927,industry_d2c063f337e67c7c,BELONGS_TO_INDUSTRY
job_f76ae5ed9254dcc0,industry_a2fac045945aa8bb,BELONGS_TO_INDUSTRY
job_93f725a07423fe1c,industry_65d244565abe7684,BELONGS_TO_INDUSTRY
job_3c4f968cb95317e0,industry_c10375dda2dfc794,BELONGS_TO_INDUSTRY
job_3c4f968cb95317e0,industry_cabac6a9e1e5edde,BELONGS_TO_INDUSTRY
job_cf31214be2321080,industry_f95f417e0f211833,BELONGS_TO_INDUSTRY
job_4c14765528b76b65,industry_d1ebe8dcc9bb9f16,BELONGS_TO_INDUSTRY
job_c022617a8d3fb9ea,industry_4f63bf863ab6b1b8,BELONGS_TO_INDUSTRY
job_99a272194eb867ea,industry_87999135cf7bc0f7,BELONGS_TO_INDUSTRY
job_cf31214be2321080,industry_cdcaf5a2a8b69054,BELONGS_TO_INDUSTRY
job_cf31214be2321080,industry_819ac9c0d2ffc297,BELONGS_TO_INDUSTRY
job_f76ae5ed9254dcc0,industry_2711b1ac2b0873da,BELONGS_TO_INDUSTRY
job_fd547cd6633e4256,industry_d2c063f337e67c7c,BELONGS_TO_INDUSTRY
job_3c4f968cb95317e0,industry_200945027317732e,BELONGS_TO_INDUSTRY
job_fd547cd6633e4256,industry_80b57721c53efc5d,BELONGS_TO_INDUSTRY
job_3c4f968cb95317e0,industry_fa483df301ef2d85,BELONGS_TO_INDUSTRY
job_93f725a07423fe1c,industry_6cc86be066fd05c4,BELONGS_TO_INDUSTRY
job_4142cecaac11f927,industry_c00eca71f6d6d9d7,BELONGS_TO_INDUSTRY
job_3c4f968cb95317e0,industry_d2624f949680948c,BELONGS_TO_INDUSTRY
job_93f725a07423fe1c,industry_6eec3c5fdf8d905f,BELONGS_TO_INDUSTRY
job_3c4f968cb95317e0,industry_da89135649a6533f,BELONGS_TO_INDUSTRY
job_cf31214be2321080,industry_28cf17ca97eb8dc6,BELONGS_TO_INDUSTRY
job_fd547cd6633e4256,industry_0b7c760665070673,BELONGS_TO_INDUSTRY
job_93f725a07423fe1c,industry_e2e1bc841ee19b5a,BELONGS_TO_INDUSTRY
job_4c14765528b76b65,industry_16a881b0187bfef6,BELONGS_TO_INDUSTRY
job_c022617a8d3fb9ea,industry_16cb877b657d495f,BELONGS_TO_INDUSTRY
job_3c4f968cb95317e0,industry_1e2af4b2bf41c3f9,BELONGS_TO_INDUSTRY
job_fd547cd6633e4256,industry_ac671ffa32390020,BELONGS_TO_INDUSTRY
job_4c14765528b76b65,industry_ab3b1b642907a5b3,BELONGS_TO_INDUSTRY
job_4c14765528b76b65,industry_bc53c34c73c002d9,BELONGS_TO_INDUSTRY
job_cf31214be2321080,industry_d5ceb41158584196,BELONGS_TO_INDUSTRY
job_fd547cd6633e4256,industry_6eec3c5fdf8d905f,BELONGS_TO_INDUSTRY
job_99a272194eb867ea,industry_949195ecd91f53f3,BELONGS_TO_INDUSTRY
job_f76ae5ed9254dcc0,industry_311fa3f37e1b43ab,BELONGS_TO_INDUSTRY
job_fd547cd6633e4256,industry_949195ecd91f53f3,BELONGS_TO_INDUSTRY
job_4c14765528b76b65,industry_d2c063f337e67c7c,BELONGS_TO_INDUSTRY
job_cf31214be2321080,industry_fe8571699d5ba879,BELONGS_TO_INDUSTRY
job_93f725a07423fe1c,industry_8833eef309f0987d,BELONGS_TO_INDUSTRY
job_4142cecaac11f927,industry_a0bf02796396cd37,BELONGS_TO_INDUSTRY
job_3c4f968cb95317e0,industry_8b5d4284ca2e07d8,BELONGS_TO_INDUSTRY
job_cf31214be2321080,industry_15644b9bb53575e0,BELONGS_TO_INDUSTRY
job_99a272194eb867ea,industry_b69b730629674501,BELONGS_TO_INDUSTRY
job_3c4f968cb95317e0,industry_60c524de10668602,BELONGS_TO_INDUSTRY
job_93f725a07423fe1c,industry_0b7c760665070673,BELONGS_TO_INDUSTRY
job_93f725a07423fe1c,industry_b916bc2995c9fe47,BELONGS_TO_INDUSTRY
job_cf31214be2321080,industry_0d4ec7e90570347d,BELONGS_TO_INDUSTRY
job_cf31214be2321080,industry_16a881b0187bfef6,BELONGS_TO_INDUSTRY
job_4142cecaac11f927,industry_f6804dd3505903e5,BELONGS_TO_INDUSTRY
job_fd547cd6633e4256,industry_4ac2f8bcb588769c,BELONGS_TO_INDUSTRY
job_3c4f968cb95317e0,industry_9dbf81285f3238a2,BELONGS_TO_INDUSTRY
job_c022617a8d3fb9ea,industry_ca6c043d225b0dc4,BELONGS_TO_INDUSTRY
job_4142cecaac11f927,industry_e0440ce8146ab67f,BELONGS_TO_INDUSTRY
job_fd547cd6633e4256,industry_200945027317732e,BELONGS_TO_INDUSTRY
job_fd547cd6633e4256,industry_0120c8f3ebed1d60,BELONGS_TO_INDUSTRY
job_4142cecaac11f927,industry_599375a253f92b1c,BELONGS_TO_INDUSTRY
job_93f725a07423fe1c,industry_310d99550599353c,BELONGS_TO_INDUSTRY
job_fd547cd6633e4256,industry_d5ceb41158584196,BELONGS_TO_INDUSTRY
job_cf31214be2321080,industry_7c594ee93cbdf8a3,BELONGS_TO_INDUSTRY
job_93f725a07423fe1c,industry_ef991ce2e4f0c3c5,BELONGS_TO_INDUSTRY
job_99a272194eb867ea,industry_f27b59fafea3e9ff,BELONGS_TO_INDUSTRY
job_c022617a8d3fb9ea,industry_f5e58607f8fe4cbe,BELONGS_TO_INDUSTRY
job_fd547cd6633e4256,industry_0ddbd6f81fa983c4,BELONGS_TO_INDUSTRY
job_cf31214be2321080,industry_cc0162f27d5209bf,BELONGS_TO_INDUSTRY
job_4c14765528b76b65,industry_a83cc763349362d3,BELONGS_TO_INDUSTRY
job_c022617a8d3fb9ea,industry_6168c8507792654f,BELONGS_TO_INDUSTRY
job_4142cecaac11f927,industry_e427b1aedad44472,BELONGS_TO_INDUSTRY
job_3c4f968cb95317e0,industry_e38ae69957f9d89d,BELONGS_TO_INDUSTRY
job_c022617a8d3fb9ea,industry_d21e3606fdd70898,BELONGS_TO_INDUSTRY
job_4142cecaac11f927,industry_3ae162eee32681ed,BELONGS_TO_INDUSTRY
job_93f725a07423fe1c,industry_f4afe65bcab69525,BELONGS_TO_INDUSTRY
job_93f725a07423fe1c,industry_e427b1aedad44472,BELONGS_TO_INDUSTRY
job_c022617a8d3fb9ea,industry_60c524de10668602,BELONGS_TO_INDUSTRY
job_93f725a07423fe1c,industry_3a50538c5308f26c,BELONGS_TO_INDUSTRY
job_4142cecaac11f927,industry_8fbff0dc8976709c,BELONGS_TO_INDUSTRY
job_99a272194eb867ea,industry_d2c063f337e67c7c,BELONGS_TO_INDUSTRY
job_3c4f968cb95317e0,industry_bfd4c25f0ae65d42,BELONGS_TO_INDUSTRY
job_99a272194eb867ea,industry_6eec3c5fdf8d905f,BELONGS_TO_INDUSTRY
job_f76ae5ed9254dcc0,industry_dd2785e67e7675b9,BELONGS_TO_INDUSTRY
job_93f725a07423fe1c,industry_200945027317732e,BELONGS_TO_INDUSTRY
job_3c4f968cb95317e0,industry_da1fd0483cc3ae58,BELONGS_TO_INDUSTRY
job_4c14765528b76b65,industry_8a120b12f74e5a92,BELONGS_TO_INDUSTRY
job_4142cecaac11f927,industry_1e2af4b2bf41c3f9,BELONGS_TO_INDUSTRY
job_c022617a8d3fb9ea,industry_4dfb7360ed7ec9bd,BELONGS_TO_INDUSTRY
job_4142cecaac11f927,industry_65ec2b4bb8bb7c2e,BELONGS_TO_INDUSTRY
job_fd547cd6633e4256,industry_c84dedf1cf501104,BELONGS_TO_INDUSTRY
job_4142cecaac11f927,industry_bfd4c25f0ae65d42,BELONGS_TO_INDUSTRY
job_93f725a07423fe1c,industry_e2772dda7a504ae6,BELONGS_TO_INDUSTRY
job_3c4f968cb95317e0,industry_978b571438e59119,BELONGS_TO_INDUSTRY
job_4142cecaac11f927,industry_b8ff5e90216d1cd8,BELONGS_TO_INDUSTRY
job_cf31214be2321080,industry_046a279594772962,BELONGS_TO_INDUSTRY
job_cf31214be2321080,industry_46771226d0a0ad0b,BELONGS_TO_INDUSTRY
job_c022617a8d3fb9ea,industry_a2a96ed7f57daf6e,BELONGS_TO_INDUSTRY
job_4c14765528b76b65,industry_f27b59fafea3e9ff,BELONGS_TO_INDUSTRY
job_f76ae5ed9254dcc0,industry_ac671ffa32390020,BELONGS_TO_INDUSTRY
job_99a272194eb867ea,industry_1d60c52a6b4cf8b8,BELONGS_TO_INDUSTRY
job_3c4f968cb95317e0,industry_4154f9d6ea373709,BELONGS_TO_INDUSTRY
job_4c14765528b76b65,industry_02f3a51ccb809a84,BELONGS_TO_INDUSTRY
job_4c14765528b76b65,industry_4be487d2e4470863,BELONGS_TO_INDUSTRY
job_99a272194eb867ea,industry_2711b1ac2b0873da,BELONGS_TO_INDUSTRY
job_3c4f968cb95317e0,industry_4ded0541b052ab99,BELONGS_TO_INDUSTRY
job_c022617a8d3fb9ea,industry_bfd4c25f0ae65d42,BELONGS_TO_INDUSTRY
job_4c14765528b76b65,industry_ef49248841887873,BELONGS_TO_INDUSTRY
job_cf31214be2321080,industry_6394f8cca331fca6,BELONGS_TO_INDUSTRY
job_fd547cd6633e4256,industry_6851421407d05f4a,BELONGS_TO_INDUSTRY
job_93f725a07423fe1c,industry_bed27bd2e23a6a74,BELONGS_TO_INDUSTRY
job_93f725a07423fe1c,industry_3d0608a226b44c79,BELONGS_TO_INDUSTRY
job_4142cecaac11f927,industry_ecf2e19cad9a4232,BELONGS_TO_INDUSTRY
job_93f725a07423fe1c,industry_dd2785e67e7675b9,BELONGS_TO_INDUSTRY
job_3c4f968cb95317e0,industry_b5148b9bb29b412b,BELONGS_TO_INDUSTRY
job_99a272194eb867ea,industry_db50a888cd86d99c,BELONGS_TO_INDUSTRY
job_c022617a8d3fb9ea,industry_1e2af4b2bf41c3f9,BELONGS_TO_INDUSTRY
job_cf31214be2321080,industry_e53af6e7214ca302,BELONGS_TO_INDUSTRY
job_cf31214be2321080,industry_9ffd5fe39fdf5115,BELONGS_TO_INDUSTRY
job_fd547cd6633e4256,industry_1b46c1f4d0ec5f78,BELONGS_TO_INDUSTRY
job_4c14765528b76b65,industry_7c8f96b65211ee7e,BELONGS_TO_INDUSTRY
job_93f725a07423fe1c,industry_de84eec5c6dbd4d1,BELONGS_TO_INDUSTRY
job_99a272194eb867ea,industry_dc7ae4a01bb81c7a,BELONGS_TO_INDUSTRY
job_4c14765528b76b65,industry_b3d7562324d12a79,BELONGS_TO_INDUSTRY
job_cf31214be2321080,industry_f26a0e5348abeadb,BELONGS_TO_INDUSTRY
job_fd547cd6633e4256,industry_4ded0541b052ab99,BELONGS_TO_INDUSTRY
job_4c14765528b76b65,industry_213d4f0b93ca90db,BELONGS_TO_INDUSTRY
job_4c14765528b76b65,industry_5f8fa25781016b66,BELONGS_TO_INDUSTRY
job_fd547cd6633e4256,industry_da1fd0483cc3ae58,BELONGS_TO_INDUSTRY
job_4c14765528b76b65,industry_59ff21a327d33f2b,BELONGS_TO_INDUSTRY
job_c022617a8d3fb9ea,industry_3aad7cc3f190c4e9,BELONGS_TO_INDUSTRY
job_3c4f968cb95317e0,industry_57162163218e3288,BELONGS_TO_INDUSTRY
job_99a272194eb867ea,industry_5400b26eae44899f,BELONGS_TO_INDUSTRY
job_fd547cd6633e4256,industry_3918d00de567dba4,BELONGS_TO_INDUSTRY
job_4c14765528b76b65,industry_0b7c760665070673,BELONGS_TO_INDUSTRY
job_3c4f968cb95317e0,industry_2b5896e1d3624a8f,BELONGS_TO_INDUSTRY
job_4142cecaac11f927,industry_be9a7412a9ad4c69,BELONGS_TO_INDUSTRY
job_cf31214be2321080,industry_3d13e1c086cc2bde,BELONGS_TO_INDUSTRY
job_99a272194eb867ea,industry_6cc86be066fd05c4,BELONGS_TO_INDUSTRY
job_4c14765528b76b65,industry_be9a7412a9ad4c69,BELONGS_TO_INDUSTRY
job_93f725a07423fe1c,industry_e4d1fcdb178690ff,BELONGS_TO_INDUSTRY
job_3c4f968cb95317e0,industry_71c8bae65c4bbd79,BELONGS_TO_INDUSTRY
job_cf31214be2321080,industry_1e2af4b2bf41c3f9,BELONGS_TO_INDUSTRY
job_99a272194eb867ea,industry_2f8360e4121cc67c,BELONGS_TO_INDUSTRY
job_f76ae5ed9254dcc0,industry_a96d79a4085e72cf,BELONGS_TO_INDUSTRY
job_93f725a07423fe1c,industry_dd18b6f04218c662,BELONGS_TO_INDUSTRY
job_4c14765528b76b65,industry_70de4b9b7bce8a87,BELONGS_TO_INDUSTRY
job_3c4f968cb95317e0,industry_dd2785e67e7675b9,BELONGS_TO_INDUSTRY
job_3c4f968cb95317e0,industry_7d2c802a41e739bd,BELONGS_TO_INDUSTRY
job_4142cecaac11f927,industry_3afffdae22cd1947,BELONGS_TO_INDUSTRY
job_3c4f968cb95317e0,industry_40a5fdb62bd29a93,BELONGS_TO_INDUSTRY
job_93f725a07423fe1c,industry_da89135649a6533f,BELONGS_TO_INDUSTRY
job_cf31214be2321080,industry_47c96c40a39b338a,BELONGS_TO_INDUSTRY
job_fd547cd6633e4256,industry_88e0c842ab6412e7,BELONGS_TO_INDUSTRY
job_4c14765528b76b65,industry_311fa3f37e1b43ab,BELONGS_TO_INDUSTRY
job_99a272194eb867ea,industry_60c524de10668602,BELONGS_TO_INDUSTRY
job_cf31214be2321080,industry_90eccab7f5aab818,BELONGS_TO_INDUSTRY
job_4142cecaac11f927,industry_6cc86be066fd05c4,BELONGS_TO_INDUSTRY
job_4142cecaac11f927,industry_200945027317732e,BELONGS_TO_INDUSTRY
job_cf31214be2321080,industry_f27b59fafea3e9ff,BELONGS_TO_INDUSTRY
job_4c14765528b76b65,industry_6eec3c5fdf8d905f,BELONGS_TO_INDUSTRY
job_3c4f968cb95317e0,industry_f27b59fafea3e9ff,BELONGS_TO_INDUSTRY
job_99a272194eb867ea,industry_bf6626f4d96eb9fc,BELONGS_TO_INDUSTRY
job_c022617a8d3fb9ea,industry_8e1d4bd74ba6b520,BELONGS_TO_INDUSTRY
job_4c14765528b76b65,industry_869a2f59c148eaab,BELONGS_TO_INDUSTRY
job_99a272194eb867ea,industry_3216e7ebb4a12eed,BELONGS_TO_INDUSTRY
job_cf31214be2321080,industry_a2fac045945aa8bb,BELONGS_TO_INDUSTRY
job_cf31214be2321080,industry_8225dfb6ab6d4618,BELONGS_TO_INDUSTRY
job_99a272194eb867ea,industry_3d13e1c086cc2bde,BELONGS_TO_INDUSTRY
job_4142cecaac11f927,industry_3c3a1a9eb551be54,BELONGS_TO_INDUSTRY
job_fd547cd6633e4256,industry_6cc86be066fd05c4,BELONGS_TO_INDUSTRY
job_3c4f968cb95317e0,industry_2711b1ac2b0873da,BELONGS_TO_INDUSTRY
job_3c4f968cb95317e0,industry_6eec3c5fdf8d905f,BELONGS_TO_INDUSTRY
job_4142cecaac11f927,industry_f90cc432f150bced,BELONGS_TO_INDUSTRY
job_3c4f968cb95317e0,industry_4289a4f9e768de19,BELONGS_TO_INDUSTRY
job_93f725a07423fe1c,industry_da1fd0483cc3ae58,BELONGS_TO_INDUSTRY
job_c022617a8d3fb9ea,industry_11c4273a5cbecf02,BELONGS_TO_INDUSTRY
job_3c4f968cb95317e0,industry_aef229931993de82,BELONGS_TO_INDUSTRY
job_c022617a8d3fb9ea,industry_1852abfca6d7a24e,BELONGS_TO_INDUSTRY
job_4c14765528b76b65,industry_107da78593b1e94e,BELONGS_TO_INDUSTRY
job_4142cecaac11f927,industry_e67a8965703c0540,BELONGS_TO_INDUSTRY
job_3c4f968cb95317e0,industry_a2fac045945aa8bb,BELONGS_TO_INDUSTRY
job_93f725a07423fe1c,industry_f81331fdf66577ea,BELONGS_TO_INDUSTRY
job_3c4f968cb95317e0,industry_dc7ae4a01bb81c7a,BELONGS_TO_INDUSTRY
job_4c14765528b76b65,industry_e603d0f3b5593f1e,BELONGS_TO_INDUSTRY
job_cf31214be2321080,industry_4d5dd9af5b7c8aa6,BELONGS_TO_INDUSTRY
job_cf31214be2321080,industry_bfd4c25f0ae65d42,BELONGS_TO_INDUSTRY
job_4142cecaac11f927,industry_3ac6e7e0285557ce,BELONGS_TO_INDUSTRY
job_93f725a07423fe1c,industry_41a071270bfbcfed,BELONGS_TO_INDUSTRY
job_fd547cd6633e4256,industry_65be042925d7031d,BELONGS_TO_INDUSTRY
job_4c14765528b76b65,industry_c020253f48ed5f80,BELONGS_TO_INDUSTRY
job_4142cecaac11f927,industry_dd2785e67e7675b9,BELONGS_TO_INDUSTRY
job_4142cecaac11f927,industry_ece9aeacf931e213,BELONGS_TO_INDUSTRY
job_cf31214be2321080,industry_60db45e646d2bfe5,BELONGS_TO_INDUSTRY
job_3c4f968cb95317e0,industry_1a1939bc4bc1f42c,BELONGS_TO_INDUSTRY
job_cf31214be2321080,industry_9ddd4bbd469d4a45,BELONGS_TO_INDUSTRY
job_4142cecaac11f927,industry_4ded0541b052ab99,BELONGS_TO_INDUSTRY
job_cf31214be2321080,industry_da89135649a6533f,BELONGS_TO_INDUSTRY
job_3c4f968cb95317e0,industry_ab3b1b642907a5b3,BELONGS_TO_INDUSTRY
job_4c14765528b76b65,industry_f81331fdf66577ea,BELONGS_TO_INDUSTRY
job_93f725a07423fe1c,industry_5f8fa25781016b66,BELONGS_TO_INDUSTRY
job_cf31214be2321080,industry_194cce02eb85c9a3,BELONGS_TO_INDUSTRY
job_f76ae5ed9254dcc0,industry_0d84c8f7917b7ac9,BELONGS_TO_INDUSTRY
job_4142cecaac11f927,industry_b5a3286d89a49050,BELONGS_TO_INDUSTRY
job_4142cecaac11f927,industry_802f20eb6ded3ed8,BELONGS_TO_INDUSTRY
job_93f725a07423fe1c,industry_01cb7217bf35150b,BELONGS_TO_INDUSTRY
job_93f725a07423fe1c,industry_f068f0dad74789be,BELONGS_TO_INDUSTRY
job_f76ae5ed9254dcc0,industry_4be487d2e4470863,BELONGS_TO_INDUSTRY
job_cf31214be2321080,industry_6cc86be066fd05c4,BELONGS_TO_INDUSTRY
job_4142cecaac11f927,industry_40a5fdb62bd29a93,BELONGS_TO_INDUSTRY
job_cf31214be2321080,industry_60c524de10668602,BELONGS_TO_INDUSTRY
job_3c4f968cb95317e0,industry_cfa1ae15a14e439f,BELONGS_TO_INDUSTRY
job_cf31214be2321080,industry_68c0ee3447fdb643,BELONGS_TO_INDUSTRY
job_93f725a07423fe1c,industry_e13797416c56ed49,BELONGS_TO_INDUSTRY
job_4142cecaac11f927,industry_cbc14bb6ad4820a8,BELONGS_TO_INDUSTRY
job_4142cecaac11f927,industry_e81dec38a50eb432,BELONGS_TO_INDUSTRY
job_4142cecaac11f927,industry_62e50e36153a92eb,BELONGS_TO_INDUSTRY
job_93f725a07423fe1c,industry_f27b59fafea3e9ff,BELONGS_TO_INDUSTRY
job_4c14765528b76b65,industry_3ac6e7e0285557ce,BELONGS_TO_INDUSTRY
job_cf31214be2321080,industry_8fcbb83d7aaa0407,BELONGS_TO_INDUSTRY
job_93f725a07423fe1c,industry_d1ebe8dcc9bb9f16,BELONGS_TO_INDUSTRY
job_c022617a8d3fb9ea,industry_dc7ae4a01bb81c7a,BELONGS_TO_INDUSTRY
job_fd547cd6633e4256,industry_7c8f96b65211ee7e,BELONGS_TO_INDUSTRY
job_99a272194eb867ea,industry_a2fac045945aa8bb,BELONGS_TO_INDUSTRY
job_fd547cd6633e4256,industry_f27b59fafea3e9ff,BELONGS_TO_INDUSTRY
job_fd547cd6633e4256,industry_ca27c7b65c45e5e9,BELONGS_TO_INDUSTRY
job_f76ae5ed9254dcc0,industry_334df3525e328cc9,BELONGS_TO_INDUSTRY
job_4142cecaac11f927,industry_2d717d49a97ae687,BELONGS_TO_INDUSTRY
job_f76ae5ed9254dcc0,industry_1e127486759d96da,BELONGS_TO_INDUSTRY
job_93f725a07423fe1c,industry_8e12111f26a77763,BELONGS_TO_INDUSTRY
job_99a272194eb867ea,industry_da1fd0483cc3ae58,BELONGS_TO_INDUSTRY
job_4c14765528b76b65,industry_33927d6bb75064a5,BELONGS_TO_INDUSTRY
job_fd547cd6633e4256,industry_a2fac045945aa8bb,BELONGS_TO_INDUSTRY
job_99a272194eb867ea,industry_4170263606f0ffa1,BELONGS_TO_INDUSTRY
job_99a272194eb867ea,industry_e34b74673b4d20dc,BELONGS_TO_INDUSTRY
job_93f725a07423fe1c,industry_5400b26eae44899f,BELONGS_TO_INDUSTRY
job_cf31214be2321080,industry_138f0a0702b54bdf,BELONGS_TO_INDUSTRY
job_f76ae5ed9254dcc0,industry_1bb85b409b1a0022,BELONGS_TO_INDUSTRY
job_cf31214be2321080,industry_40c5270e4e2ff6cf,BELONGS_TO_INDUSTRY
job_4142cecaac11f927,industry_856648cca6a957bd,BELONGS_TO_INDUSTRY
job_99a272194eb867ea,industry_8f99b861bc1cbbbf,BELONGS_TO_INDUSTRY
job_99a272194eb867ea,industry_6dbb02438f4de778,BELONGS_TO_INDUSTRY
job_3c4f968cb95317e0,industry_6cc86be066fd05c4,BELONGS_TO_INDUSTRY
job_fd547cd6633e4256,industry_59ff21a327d33f2b,BELONGS_TO_INDUSTRY
job_3c4f968cb95317e0,industry_8a68be7b3f4fdaa7,BELONGS_TO_INDUSTRY
job_3c4f968cb95317e0,industry_13d353de348f2fd7,BELONGS_TO_INDUSTRY
job_fd547cd6633e4256,industry_f068f0dad74789be,BELONGS_TO_INDUSTRY
job_93f725a07423fe1c,industry_d5acfd6a585a9ab3,BELONGS_TO_INDUSTRY
job_c022617a8d3fb9ea,industry_6cc86be066fd05c4,BELONGS_TO_INDUSTRY
job_4c14765528b76b65,industry_8f362bfdd2551d42,BELONGS_TO_INDUSTRY
job_93f725a07423fe1c,industry_c13b97163f32fb11,BELONGS_TO_INDUSTRY
job_4c14765528b76b65,industry_65ec2b4bb8bb7c2e,BELONGS_TO_INDUSTRY
job_3c4f968cb95317e0,industry_7018e0eb10264c8e,BELONGS_TO_INDUSTRY
job_cf31214be2321080,industry_7c1aa39cb2d785c9,BELONGS_TO_INDUSTRY
job_4c14765528b76b65,industry_ac0cfbdc4f093990,BELONGS_TO_INDUSTRY
job_3c4f968cb95317e0,industry_ae6ab642180c1294,BELONGS_TO_INDUSTRY
job_99a272194eb867ea,industry_7c8f96b65211ee7e,BELONGS_TO_INDUSTRY
job_99a272194eb867ea,industry_3980cbddc72d256c,BELONGS_TO_INDUSTRY
job_4142cecaac11f927,industry_c8f19adf188cb6e1,BELONGS_TO_INDUSTRY
job_f76ae5ed9254dcc0,industry_c6e1d1eee3310b62,BELONGS_TO_INDUSTRY
job_93f725a07423fe1c,industry_029a6d0f4b779a26,BELONGS_TO_INDUSTRY
job_4142cecaac11f927,industry_a0748e2e26d0df94,BELONGS_TO_INDUSTRY
job_4c14765528b76b65,industry_7c1aa39cb2d785c9,BELONGS_TO_INDUSTRY
job_cf31214be2321080,industry_0e7f6e24b52ac21d,BELONGS_TO_INDUSTRY
job_cf31214be2321080,industry_6a4a9ab487c62885,BELONGS_TO_INDUSTRY
job_fd547cd6633e4256,industry_ca451c7797873d03,BELONGS_TO_INDUSTRY
job_4c14765528b76b65,industry_2e942cfc8f1262c1,BELONGS_TO_INDUSTRY
job_cf31214be2321080,industry_200945027317732e,BELONGS_TO_INDUSTRY
job_93f725a07423fe1c,industry_a3b3e7a3fd857e39,BELONGS_TO_INDUSTRY
job_99a272194eb867ea,industry_d914a5b039673a77,BELONGS_TO_INDUSTRY
job_3c4f968cb95317e0,industry_869a2f59c148eaab,BELONGS_TO_INDUSTRY
job_4142cecaac11f927,industry_85003e09b8f22cd4,BELONGS_TO_INDUSTRY
job_fd547cd6633e4256,industry_f5afb7a7a2221bc9,BELONGS_TO_INDUSTRY
job_4142cecaac11f927,industry_8049b2e66363142c,BELONGS_TO_INDUSTRY
job_f76ae5ed9254dcc0,industry_b34e12e43d767575,BELONGS_TO_INDUSTRY
job_4142cecaac11f927,industry_e709ed492eb0b52f,BELONGS_TO_INDUSTRY
job_c022617a8d3fb9ea,industry_3f7581b20003f96e,BELONGS_TO_INDUSTRY
job_3c4f968cb95317e0,industry_ee8ae94d9e48550e,BELONGS_TO_INDUSTRY
job_c022617a8d3fb9ea,industry_0dc0ebcc1ca96115,BELONGS_TO_INDUSTRY
job_f76ae5ed9254dcc0,industry_6e9c02e56e3d32e0,BELONGS_TO_INDUSTRY
job_cf31214be2321080,industry_d1ebe8dcc9bb9f16,BELONGS_TO_INDUSTRY
job_3c4f968cb95317e0,industry_62942d97945b6f41,BELONGS_TO_INDUSTRY
job_cf31214be2321080,industry_5cc25be47d672131,BELONGS_TO_INDUSTRY
job_3c4f968cb95317e0,industry_3bb7e758f4357da9,BELONGS_TO_INDUSTRY
job_cf31214be2321080,industry_30737ea3f3f68a55,BELONGS_TO_INDUSTRY
job_fd547cd6633e4256,industry_68441361169002f1,BELONGS_TO_INDUSTRY
job_cf31214be2321080,industry_bae0cdb9ba0453de,BELONGS_TO_INDUSTRY
job_4c14765528b76b65,industry_5bb0c556f3b42f69,BELONGS_TO_INDUSTRY
job_4c14765528b76b65,industry_7c594ee93cbdf8a3,BELONGS_TO_INDUSTRY
job_cf31214be2321080,industry_ca6c043d225b0dc4,BELONGS_TO_INDUSTRY
job_99a272194eb867ea,industry_e83fdbb52b00795c,BELONGS_TO_INDUSTRY
job_4142cecaac11f927,industry_dc7ae4a01bb81c7a,BELONGS_TO_INDUSTRY
job_4c14765528b76b65,industry_8768454e6c70cf44,BELONGS_TO_INDUSTRY
job_fd547cd6633e4256,industry_618726dd575373bb,BELONGS_TO_INDUSTRY
job_4142cecaac11f927,industry_630e495ed233be01,BELONGS_TO_INDUSTRY
job_cf31214be2321080,industry_d2624f949680948c,BELONGS_TO_INDUSTRY
job_3c4f968cb95317e0,industry_8d844f74f83c2a5f,BELONGS_TO_INDUSTRY
job_4142cecaac11f927,industry_9f45f93207605aab,BELONGS_TO_INDUSTRY
job_3c4f968cb95317e0,industry_0e1c7a37f82033df,BELONGS_TO_INDUSTRY
job_c022617a8d3fb9ea,industry_5b1e8323cdad37c5,BELONGS_TO_INDUSTRY
job_fd547cd6633e4256,industry_f6488bbd9cadef0e,BELONGS_TO_INDUSTRY
job_f76ae5ed9254dcc0,industry_d2c063f337e67c7c,BELONGS_TO_INDUSTRY
job_c022617a8d3fb9ea,industry_f068f0dad74789be,BELONGS_TO_INDUSTRY
job_4142cecaac11f927,industry_59ff21a327d33f2b,BELONGS_TO_INDUSTRY
job_93f725a07423fe1c,industry_b68f1dbdc0f52da0,BELONGS_TO_INDUSTRY
job_4142cecaac11f927,industry_24376dde62273a09,BELONGS_TO_INDUSTRY
job_93f725a07423fe1c,industry_599375a253f92b1c,BELONGS_TO_INDUSTRY
job_93f725a07423fe1c,industry_dcd5bb2e1be38501,BELONGS_TO_INDUSTRY
job_3c4f968cb95317e0,industry_661c747ceb858695,BELONGS_TO_INDUSTRY
job_4142cecaac11f927,industry_cacc425a7ce91fd2,BELONGS_TO_INDUSTRY
job_4142cecaac11f927,industry_23c19c9a491fe2c3,BELONGS_TO_INDUSTRY
job_4c14765528b76b65,industry_185ce25ce73f8fdf,BELONGS_TO_INDUSTRY
job_f76ae5ed9254dcc0,industry_b7152b1b7e21c573,BELONGS_TO_INDUSTRY
job_cf31214be2321080,industry_433f23fce8b7c23f,BELONGS_TO_INDUSTRY
job_3c4f968cb95317e0,industry_d5ceb41158584196,BELONGS_TO_INDUSTRY
job_f76ae5ed9254dcc0,industry_f81331fdf66577ea,BELONGS_TO_INDUSTRY
job_cf31214be2321080,industry_e427b1aedad44472,BELONGS_TO_INDUSTRY
job_fd547cd6633e4256,industry_1abb0ffe44a3b363,BELONGS_TO_INDUSTRY
job_fd547cd6633e4256,industry_0d37dc966845b9c1,BELONGS_TO_INDUSTRY
job_4c14765528b76b65,industry_7da06ec5b0ec2c65,BELONGS_TO_INDUSTRY
job_c022617a8d3fb9ea,industry_d5acfd6a585a9ab3,BELONGS_TO_INDUSTRY
job_3c4f968cb95317e0,industry_3918d00de567dba4,BELONGS_TO_INDUSTRY
job_99a272194eb867ea,industry_f6488bbd9cadef0e,BELONGS_TO_INDUSTRY
job_fd547cd6633e4256,industry_775cf498ac0e52fd,BELONGS_TO_INDUSTRY
job_cf31214be2321080,industry_5f8fa25781016b66,BELONGS_TO_INDUSTRY
job_4142cecaac11f927,industry_0f96a8ce02642bad,BELONGS_TO_INDUSTRY
job_99a272194eb867ea,industry_11ececa2aa03f1a9,BELONGS_TO_INDUSTRY
job_f76ae5ed9254dcc0,industry_7018e0eb10264c8e,BELONGS_TO_INDUSTRY
job_c022617a8d3fb9ea,industry_2d1d67dd8e42e9d7,BELONGS_TO_INDUSTRY
job_fd547cd6633e4256,industry_60c524de10668602,BELONGS_TO_INDUSTRY
job_99a272194eb867ea,industry_08442272d23935d3,BELONGS_TO_INDUSTRY
job_cf31214be2321080,industry_3a50538c5308f26c,BELONGS_TO_INDUSTRY
job_4c14765528b76b65,industry_f068f0dad74789be,BELONGS_TO_INDUSTRY
job_f76ae5ed9254dcc0,industry_7f56845d098a1388,BELONGS_TO_INDUSTRY
job_99a272194eb867ea,industry_f74cf60fdcccbf2a,BELONGS_TO_INDUSTRY
job_93f725a07423fe1c,industry_c2acb5e17a000aaa,BELONGS_TO_INDUSTRY
job_4c14765528b76b65,industry_a2fac045945aa8bb,BELONGS_TO_INDUSTRY
job_fd547cd6633e4256,industry_c35ed6d36b776b26,BELONGS_TO_INDUSTRY
job_fd547cd6633e4256,industry_da89135649a6533f,BELONGS_TO_INDUSTRY
job_cf31214be2321080,industry_026a8259a2bea16f,BELONGS_TO_INDUSTRY
job_4c14765528b76b65,industry_da1fd0483cc3ae58,BELONGS_TO_INDUSTRY
job_93f725a07423fe1c,industry_d5ceb41158584196,BELONGS_TO_INDUSTRY
job_fd547cd6633e4256,industry_2e942cfc8f1262c1,BELONGS_TO_INDUSTRY
job_fd547cd6633e4256,industry_bfd4c25f0ae65d42,BELONGS_TO_INDUSTRY
job_cf31214be2321080,industry_e370b534589c7c14,BELONGS_TO_INDUSTRY
job_3c4f968cb95317e0,industry_49cecaae780215f3,BELONGS_TO_INDUSTRY
job_c022617a8d3fb9ea,industry_3a50538c5308f26c,BELONGS_TO_INDUSTRY
job_93f725a07423fe1c,industry_4ded0541b052ab99,BELONGS_TO_INDUSTRY
job_93f725a07423fe1c,industry_d2624f949680948c,BELONGS_TO_INDUSTRY
job_cf31214be2321080,industry_7f64406055a761b4,BELONGS_TO_INDUSTRY
job_f76ae5ed9254dcc0,industry_dddb79b918266e9b,BELONGS_TO_INDUSTRY
job_4c14765528b76b65,industry_9a5afbe2f299d84d,BELONGS_TO_INDUSTRY
job_cf31214be2321080,industry_ee8b1dfdcf400aa8,BELONGS_TO_INDUSTRY
job_93f725a07423fe1c,industry_b28155f9344b7e23,BELONGS_TO_INDUSTRY
job_3c4f968cb95317e0,industry_27ef3d6085cc49f9,BELONGS_TO_INDUSTRY
job_3c4f968cb95317e0,industry_0b9b44a7a9880951,BELONGS_TO_INDUSTRY
job_fd547cd6633e4256,industry_be49e542523d1544,BELONGS_TO_INDUSTRY
job_4142cecaac11f927,industry_f068f0dad74789be,BELONGS_TO_INDUSTRY
job_99a272194eb867ea,industry_3aad7cc3f190c4e9,BELONGS_TO_INDUSTRY
job_93f725a07423fe1c,industry_4154f9d6ea373709,BELONGS_TO_INDUSTRY
job_93f725a07423fe1c,industry_7c8f96b65211ee7e,BELONGS_TO_INDUSTRY
job_c022617a8d3fb9ea,industry_47536bf9955fe8cb,BELONGS_TO_INDUSTRY
job_4142cecaac11f927,industry_84eed681e6e0ff97,BELONGS_TO_INDUSTRY
job_99a272194eb867ea,industry_7c594ee93cbdf8a3,BELONGS_TO_INDUSTRY
job_f76ae5ed9254dcc0,industry_da89135649a6533f,BELONGS_TO_INDUSTRY
job_fd547cd6633e4256,industry_e7cfb1eacf4eb788,BELONGS_TO_INDUSTRY
job_93f725a07423fe1c,industry_6872ffcca9db238b,BELONGS_TO_INDUSTRY
job_c022617a8d3fb9ea,industry_243a3f4746dc6c81,BELONGS_TO_INDUSTRY
job_4c14765528b76b65,industry_dd18b6f04218c662,BELONGS_TO_INDUSTRY
job_fd547cd6633e4256,industry_8eb66270f22befe9,BELONGS_TO_INDUSTRY
job_93f725a07423fe1c,industry_71c8bae65c4bbd79,BELONGS_TO_INDUSTRY
job_93f725a07423fe1c,industry_b3a5f8db23afc660,BELONGS_TO_INDUSTRY
job_99a272194eb867ea,industry_6767bbcb8270ed11,BELONGS_TO_INDUSTRY
job_4142cecaac11f927,industry_3a7d806ed7d0942c,BELONGS_TO_INDUSTRY
job_f76ae5ed9254dcc0,industry_c54d1874668d2cda,BELONGS_TO_INDUSTRY
job_99a272194eb867ea,industry_65ec2b4bb8bb7c2e,BELONGS_TO_INDUSTRY
job_93f725a07423fe1c,industry_2f3316d6ec7fd00d,BELONGS_TO_INDUSTRY
job_fd547cd6633e4256,industry_ec9b5697ff967ae7,BELONGS_TO_INDUSTRY
job_93f725a07423fe1c,industry_bf6626f4d96eb9fc,BELONGS_TO_INDUSTRY
job_c022617a8d3fb9ea,industry_026a8259a2bea16f,BELONGS_TO_INDUSTRY
job_4c14765528b76b65,industry_0f96a8ce02642bad,BELONGS_TO_INDUSTRY
job_99a272194eb867ea,industry_f1100fc6ae3b182f,BELONGS_TO_INDUSTRY
job_fd547cd6633e4256,industry_158827993f396a57,BELONGS_TO_INDUSTRY
job_4c14765528b76b65,industry_87b14c57f2042e32,BELONGS_TO_INDUSTRY
job_93f725a07423fe1c,industry_dece44e51bcef520,BELONGS_TO_INDUSTRY
job_99a272194eb867ea,industry_cb39a585cdd6a3c9,BELONGS_TO_INDUSTRY
job_cf31214be2321080,industry_dc1a81b75b93c7dc,BELONGS_TO_INDUSTRY
job_3c4f968cb95317e0,industry_d2c063f337e67c7c,BELONGS_TO_INDUSTRY
job_fd547cd6633e4256,industry_5748716faff10152,BELONGS_TO_INDUSTRY
job_4142cecaac11f927,industry_e105c69f5feea7ff,BELONGS_TO_INDUSTRY
job_3c4f968cb95317e0,industry_930323530b1e05ac,BELONGS_TO_INDUSTRY
job_99a272194eb867ea,industry_d2624f949680948c,BELONGS_TO_INDUSTRY
job_99a272194eb867ea,industry_4154f9d6ea373709,BELONGS_TO_INDUSTRY
job_3c4f968cb95317e0,industry_101752f460b81081,BELONGS_TO_INDUSTRY
job_4c14765528b76b65,industry_96fccc1b0ea59eaf,BELONGS_TO_INDUSTRY
job_4c14765528b76b65,industry_47de1eae2ab51486,BELONGS_TO_INDUSTRY
job_fd547cd6633e4256,industry_4154f9d6ea373709,BELONGS_TO_INDUSTRY
job_f76ae5ed9254dcc0,industry_e277f09ea3044bef,BELONGS_TO_INDUSTRY
job_fd547cd6633e4256,industry_b8ff5e90216d1cd8,BELONGS_TO_INDUSTRY
job_3c4f968cb95317e0,industry_17b79b1ceba681e6,BELONGS_TO_INDUSTRY
job_fd547cd6633e4256,industry_3d13e1c086cc2bde,BELONGS_TO_INDUSTRY
job_cf31214be2321080,industry_bc21a7fcb7e444aa,BELONGS_TO_INDUSTRY
job_3c4f968cb95317e0,industry_ffed59c3c5eb7faf,BELONGS_TO_INDUSTRY
job_f76ae5ed9254dcc0,industry_899bcfabc7df568a,BELONGS_TO_INDUSTRY
job_cf31214be2321080,industry_27b12830b907a5cf,BELONGS_TO_INDUSTRY
job_fd547cd6633e4256,industry_505a2ae53d796430,BELONGS_TO_INDUSTRY
job_4142cecaac11f927,industry_6eec3c5fdf8d905f,BELONGS_TO_INDUSTRY
job_cf31214be2321080,industry_dd2785e67e7675b9,BELONGS_TO_INDUSTRY
job_4142cecaac11f927,industry_1895db0a0f37963e,BELONGS_TO_INDUSTRY
job_3c4f968cb95317e0,industry_5542de3893bc3ac6,BELONGS_TO_INDUSTRY
job_4142cecaac11f927,industry_58ee3710e4889768,BELONGS_TO_INDUSTRY
job_99a272194eb867ea,industry_8309d03b2a79b440,BELONGS_TO_INDUSTRY
job_93f725a07423fe1c,industry_59ff21a327d33f2b,BELONGS_TO_INDUSTRY
job_4142cecaac11f927,industry_87999135cf7bc0f7,BELONGS_TO_INDUSTRY
job_3c4f968cb95317e0,industry_7c8f96b65211ee7e,BELONGS_TO_INDUSTRY
job_cf31214be2321080,industry_c84dedf1cf501104,BELONGS_TO_INDUSTRY
job_cf31214be2321080,industry_334df3525e328cc9,BELONGS_TO_INDUSTRY
job_f76ae5ed9254dcc0,industry_3ae162eee32681ed,BELONGS_TO_INDUSTRY
job_3c4f968cb95317e0,industry_026a8259a2bea16f,BELONGS_TO_INDUSTRY
job_f76ae5ed9254dcc0,industry_1fbcad3decd6e641,BELONGS_TO_INDUSTRY
job_93f725a07423fe1c,industry_4289a4f9e768de19,BELONGS_TO_INDUSTRY
job_99a272194eb867ea,industry_ef44e4b81ee912a6,BELONGS_TO_INDUSTRY
job_93f725a07423fe1c,industry_f6488bbd9cadef0e,BELONGS_TO_INDUSTRY
job_4c14765528b76b65,industry_4154f9d6ea373709,BELONGS_TO_INDUSTRY
job_4c14765528b76b65,industry_be49e542523d1544,BELONGS_TO_INDUSTRY
job_4c14765528b76b65,industry_31e2bacb6da74015,BELONGS_TO_INDUSTRY
job_4142cecaac11f927,industry_d2624f949680948c,BELONGS_TO_INDUSTRY
job_93f725a07423fe1c,industry_a96d79a4085e72cf,BELONGS_TO_INDUSTRY
job_93f725a07423fe1c,industry_cae8d1bba6cbbf7f,BELONGS_TO_INDUSTRY
job_4142cecaac11f927,industry_41d5143964087214,BELONGS_TO_INDUSTRY
job_3c4f968cb95317e0,industry_eea6b1668e45de0e,BELONGS_TO_INDUSTRY
job_99a272194eb867ea,industry_9f9b1d8cc75649f3,BELONGS_TO_INDUSTRY
job_4c14765528b76b65,industry_34d84ca67e9b48da,BELONGS_TO_INDUSTRY
job_fd547cd6633e4256,industry_cf8e812d8b19cc7c,BELONGS_TO_INDUSTRY
job_4142cecaac11f927,industry_f81331fdf66577ea,BELONGS_TO_INDUSTRY
job_4142cecaac11f927,industry_d5acfd6a585a9ab3,BELONGS_TO_INDUSTRY
job_3c4f968cb95317e0,industry_4da248bd3e6a5d82,BELONGS_TO_INDUSTRY
job_4142cecaac11f927,industry_3918d00de567dba4,BELONGS_TO_INDUSTRY
job_99a272194eb867ea,industry_e5d837909e7ef522,BELONGS_TO_INDUSTRY
job_3c4f968cb95317e0,industry_b6b8b4a96bbcf96c,BELONGS_TO_INDUSTRY
job_4142cecaac11f927,industry_4e64f870d16e1ab0,BELONGS_TO_INDUSTRY
job_99a272194eb867ea,industry_37195dc89a981c82,BELONGS_TO_INDUSTRY
job_c022617a8d3fb9ea,industry_7c8f96b65211ee7e,BELONGS_TO_INDUSTRY
job_4142cecaac11f927,industry_4154f9d6ea373709,BELONGS_TO_INDUSTRY
job_c022617a8d3fb9ea,industry_d2624f949680948c,BELONGS_TO_INDUSTRY
job_4142cecaac11f927,industry_ef49248841887873,BELONGS_TO_INDUSTRY
job_4c14765528b76b65,industry_abe8f28842884fa9,BELONGS_TO_INDUSTRY
job_3c4f968cb95317e0,industry_819ac9c0d2ffc297,BELONGS_TO_INDUSTRY
job_93f725a07423fe1c,industry_cb39a585cdd6a3c9,BELONGS_TO_INDUSTRY
job_f76ae5ed9254dcc0,industry_669fbb3d56e5efdd,BELONGS_TO_INDUSTRY
job_99a272194eb867ea,industry_5c9c47d26f7c3fbd,BELONGS_TO_INDUSTRY
job_4142cecaac11f927,industry_7a268a6cfea81a6c,BELONGS_TO_INDUSTRY
job_99a272194eb867ea,industry_e67a8965703c0540,BELONGS_TO_INDUSTRY
job_93f725a07423fe1c,industry_5b448983bae68100,BELONGS_TO_INDUSTRY
job_4c14765528b76b65,industry_19659c9bfcf02e31,BELONGS_TO_INDUSTRY
job_4c14765528b76b65,industry_819ac9c0d2ffc297,BELONGS_TO_INDUSTRY
job_4c14765528b76b65,industry_a5a8d8b4f08c4826,BELONGS_TO_INDUSTRY
job_c022617a8d3fb9ea,industry_989aac6234e66ef4,BELONGS_TO_INDUSTRY
job_93f725a07423fe1c,industry_a3899e7f60ea1bdf,BELONGS_TO_INDUSTRY
job_cf31214be2321080,industry_900803db78f853f4,BELONGS_TO_INDUSTRY
job_4142cecaac11f927,industry_334df3525e328cc9,BELONGS_TO_INDUSTRY
job_f76ae5ed9254dcc0,industry_4154f9d6ea373709,BELONGS_TO_INDUSTRY
job_4142cecaac11f927,industry_2be6981c12c3c01d,BELONGS_TO_INDUSTRY
job_93f725a07423fe1c,industry_a83cc763349362d3,BELONGS_TO_INDUSTRY
job_fd547cd6633e4256,industry_c6af2fb23fc993cc,BELONGS_TO_INDUSTRY
job_cf31214be2321080,industry_2b158b2682550628,BELONGS_TO_INDUSTRY
job_93f725a07423fe1c,industry_6dbb02438f4de778,BELONGS_TO_INDUSTRY
job_4c14765528b76b65,industry_2b9766052388af5c,BELONGS_TO_INDUSTRY
job_99a272194eb867ea,industry_a100dae5b9e1daad,BELONGS_TO_INDUSTRY
job_cf31214be2321080,industry_3c3a1a9eb551be54,BELONGS_TO_INDUSTRY
job_cf31214be2321080,industry_4835c6d00e2ecc9c,BELONGS_TO_INDUSTRY
job_93f725a07423fe1c,industry_70723fcf04a95b4a,BELONGS_TO_INDUSTRY
job_fd547cd6633e4256,industry_dddb79b918266e9b,BELONGS_TO_INDUSTRY
job_4c14765528b76b65,industry_efa6331dfcb1bb16,BELONGS_TO_INDUSTRY
job_93f725a07423fe1c,industry_364abb3cc39cc03e,BELONGS_TO_INDUSTRY
job_93f725a07423fe1c,industry_94823adfd68059e0,BELONGS_TO_INDUSTRY
job_4c14765528b76b65,industry_8eb66270f22befe9,BELONGS_TO_INDUSTRY
job_4142cecaac11f927,industry_7c8f96b65211ee7e,BELONGS_TO_INDUSTRY
job_99a272194eb867ea,industry_9ffd5fe39fdf5115,BELONGS_TO_INDUSTRY
job_3c4f968cb95317e0,industry_334df3525e328cc9,BELONGS_TO_INDUSTRY
job_99a272194eb867ea,industry_6872ffcca9db238b,BELONGS_TO_INDUSTRY
job_fd547cd6633e4256,industry_3c3a1a9eb551be54,BELONGS_TO_INDUSTRY
job_cf31214be2321080,industry_f81331fdf66577ea,BELONGS_TO_INDUSTRY
job_f76ae5ed9254dcc0,industry_3ac6e7e0285557ce,BELONGS_TO_INDUSTRY
job_4142cecaac11f927,industry_3e87dba04fe2b336,BELONGS_TO_INDUSTRY
job_4c14765528b76b65,industry_60c524de10668602,BELONGS_TO_INDUSTRY
job_99a272194eb867ea,industry_848abeef01c7407b,BELONGS_TO_INDUSTRY
job_fd547cd6633e4256,industry_a9a268d432b56659,BELONGS_TO_INDUSTRY
job_4c14765528b76b65,industry_31640455b063a835,BELONGS_TO_INDUSTRY
job_cf31214be2321080,industry_ac0cfbdc4f093990,BELONGS_TO_INDUSTRY
job_c022617a8d3fb9ea,industry_6eec3c5fdf8d905f,BELONGS_TO_INDUSTRY
job_4142cecaac11f927,industry_d5ceb41158584196,BELONGS_TO_INDUSTRY
job_fd547cd6633e4256,industry_e598be2f2b2b0998,BELONGS_TO_INDUSTRY
job_93f725a07423fe1c,industry_baa22c3e6530575b,BELONGS_TO_INDUSTRY
job_4c14765528b76b65,industry_a0e3a787b6c2cd6a,BELONGS_TO_INDUSTRY
job_93f725a07423fe1c,industry_18a5e247599038bf,BELONGS_TO_INDUSTRY
job_99a272194eb867ea,industry_c4bba5af8aa4dfaf,BELONGS_TO_INDUSTRY
job_f76ae5ed9254dcc0,industry_433b498be18d78e9,BELONGS_TO_INDUSTRY
job_4142cecaac11f927,industry_d1b55e13c1edea01,BELONGS_TO_INDUSTRY
job_cf31214be2321080,industry_cd32cbb3a83ccea8,BELONGS_TO_INDUSTRY
job_4142cecaac11f927,industry_07e99955442c5588,BELONGS_TO_INDUSTRY
job_4c14765528b76b65,industry_10b2dc1e1a2252ff,BELONGS_TO_INDUSTRY
job_fd547cd6633e4256,industry_bbd1b921f2221a5f,BELONGS_TO_INDUSTRY
job_f76ae5ed9254dcc0,industry_e67a8965703c0540,BELONGS_TO_INDUSTRY
job_f76ae5ed9254dcc0,industry_8ceb7914761d14db,BELONGS_TO_INDUSTRY
job_93f725a07423fe1c,industry_cf8e812d8b19cc7c,BELONGS_TO_INDUSTRY
job_f76ae5ed9254dcc0,industry_dc7ae4a01bb81c7a,BELONGS_TO_INDUSTRY
job_cf31214be2321080,industry_e0440ce8146ab67f,BELONGS_TO_INDUSTRY
job_c022617a8d3fb9ea,industry_e0440ce8146ab67f,BELONGS_TO_INDUSTRY
job_cf31214be2321080,industry_c7ddb45482c1f6ba,BELONGS_TO_INDUSTRY
job_4142cecaac11f927,industry_65106cf2c128ab57,BELONGS_TO_INDUSTRY
job_3c4f968cb95317e0,industry_94823adfd68059e0,BELONGS_TO_INDUSTRY
job_cf31214be2321080,industry_c66abae2f08a851e,BELONGS_TO_INDUSTRY
job_4142cecaac11f927,industry_2285406c2adceb78,BELONGS_TO_INDUSTRY
job_fd547cd6633e4256,industry_0f96a8ce02642bad,BELONGS_TO_INDUSTRY
job_c022617a8d3fb9ea,industry_802053851b5a91bc,BELONGS_TO_INDUSTRY
job_c022617a8d3fb9ea,industry_a96d79a4085e72cf,BELONGS_TO_INDUSTRY
job_4c14765528b76b65,industry_c8f19adf188cb6e1,BELONGS_TO_INDUSTRY
job_c022617a8d3fb9ea,industry_59ff21a327d33f2b,BELONGS_TO_INDUSTRY
job_4142cecaac11f927,industry_264cf1d101d91518,BELONGS_TO_INDUSTRY
job_c022617a8d3fb9ea,industry_3918d00de567dba4,BELONGS_TO_INDUSTRY
job_4c14765528b76b65,industry_d2624f949680948c,BELONGS_TO_INDUSTRY
job_fd547cd6633e4256,industry_3efd569030c81fc9,BELONGS_TO_INDUSTRY
job_cf31214be2321080,industry_b05820a88f9443d9,BELONGS_TO_INDUSTRY
job_fd547cd6633e4256,industry_dfced029af0d5b42,BELONGS_TO_INDUSTRY
job_4142cecaac11f927,industry_d9a4433df6aa1a75,BELONGS_TO_INDUSTRY
job_4142cecaac11f927,industry_1e8c6cdba4c326c8,BELONGS_TO_INDUSTRY
job_99a272194eb867ea,industry_dc87aab45fbe758e,BELONGS_TO_INDUSTRY
job_4142cecaac11f927,industry_66a8d52316dd979b,BELONGS_TO_INDUSTRY
job_93f725a07423fe1c,industry_a2fac045945aa8bb,BELONGS_TO_INDUSTRY
job_3c4f968cb95317e0,industry_7f56845d098a1388,BELONGS_TO_INDUSTRY
job_cf31214be2321080,industry_88524e2cf46b8bfe,BELONGS_TO_INDUSTRY
job_4c14765528b76b65,industry_157ee898533c29ca,BELONGS_TO_INDUSTRY
job_4142cecaac11f927,industry_074d48a14e195dca,BELONGS_TO_INDUSTRY
job_fd547cd6633e4256,industry_5d12fdeb32863d21,BELONGS_TO_INDUSTRY
job_99a272194eb867ea,industry_f3380896340c3da5,BELONGS_TO_INDUSTRY
job_fd547cd6633e4256,industry_16753dbefbb8e876,BELONGS_TO_INDUSTRY
job_c022617a8d3fb9ea,industry_e53af6e7214ca302,BELONGS_TO_INDUSTRY
job_c022617a8d3fb9ea,industry_81b125f1cd30ee95,BELONGS_TO_INDUSTRY
job_4142cecaac11f927,industry_df4dec652b3e0aa9,BELONGS_TO_INDUSTRY
job_93f725a07423fe1c,industry_a82f5859d817fbc3,BELONGS_TO_INDUSTRY
job_f76ae5ed9254dcc0,industry_dd5ddfa0e5b8f871,BELONGS_TO_INDUSTRY
job_93f725a07423fe1c,industry_f3a8f94538c2a792,BELONGS_TO_INDUSTRY
job_3c4f968cb95317e0,industry_f81331fdf66577ea,BELONGS_TO_INDUSTRY
job_cf31214be2321080,industry_f6488bbd9cadef0e,BELONGS_TO_INDUSTRY
job_4142cecaac11f927,industry_fac0de325788b8f9,BELONGS_TO_INDUSTRY
job_3c4f968cb95317e0,industry_08c59b905c414660,BELONGS_TO_INDUSTRY
job_cf31214be2321080,industry_1db5e022e4fa7c1e,BELONGS_TO_INDUSTRY
job_3c4f968cb95317e0,industry_e67a8965703c0540,BELONGS_TO_INDUSTRY
job_cf31214be2321080,industry_71c8bae65c4bbd79,BELONGS_TO_INDUSTRY
job_cf31214be2321080,industry_381052b675f81a45,BELONGS_TO_INDUSTRY
job_4142cecaac11f927,industry_0abb8cd203b308be,BELONGS_TO_INDUSTRY
job_3c4f968cb95317e0,industry_c09a0a3bcbbc4500,BELONGS_TO_INDUSTRY
job_4142cecaac11f927,industry_7f6d689971e1ca65,BELONGS_TO_INDUSTRY
job_99a272194eb867ea,industry_1e2af4b2bf41c3f9,BELONGS_TO_INDUSTRY
job_99a272194eb867ea,industry_978b571438e59119,BELONGS_TO_INDUSTRY
job_99a272194eb867ea,industry_ac1f87c029ba9812,BELONGS_TO_INDUSTRY
job_cf31214be2321080,industry_2c38ed73a0e5112c,BELONGS_TO_INDUSTRY
job_4142cecaac11f927,industry_bfe6f75d6095bfdb,BELONGS_TO_INDUSTRY
job_93f725a07423fe1c,industry_b640bb16ab19bc6e,BELONGS_TO_INDUSTRY
job_cf31214be2321080,industry_25cac55b78c5d2cb,BELONGS_TO_INDUSTRY
job_fd547cd6633e4256,industry_101752f460b81081,BELONGS_TO_INDUSTRY
job_93f725a07423fe1c,industry_ae4a1b945d3e0978,BELONGS_TO_INDUSTRY
job_fd547cd6633e4256,industry_628bdde6d81e8a98,BELONGS_TO_INDUSTRY
job_99a272194eb867ea,industry_b68f1dbdc0f52da0,BELONGS_TO_INDUSTRY
job_f76ae5ed9254dcc0,industry_2a7d2cd66c5d2d4e,BELONGS_TO_INDUSTRY
job_cf31214be2321080,industry_7c671d97196583b2,BELONGS_TO_INDUSTRY
job_93f725a07423fe1c,industry_19cb07e9849962a3,BELONGS_TO_INDUSTRY
job_4142cecaac11f927,industry_f5afb7a7a2221bc9,BELONGS_TO_INDUSTRY
job_4c14765528b76b65,industry_83f5d12ebaaece88,BELONGS_TO_INDUSTRY
job_f76ae5ed9254dcc0,industry_b58cc0581e64f0b1,BELONGS_TO_INDUSTRY
job_c022617a8d3fb9ea,industry_370ecbb24bb54596,BELONGS_TO_INDUSTRY
job_3c4f968cb95317e0,industry_ef991ce2e4f0c3c5,BELONGS_TO_INDUSTRY
job_4c14765528b76b65,industry_30f54dc2ecc40fa9,BELONGS_TO_INDUSTRY
job_99a272194eb867ea,industry_ac78937017a82bcc,BELONGS_TO_INDUSTRY
job_cf31214be2321080,industry_157ee898533c29ca,BELONGS_TO_INDUSTRY
job_4c14765528b76b65,industry_96d4ba2c0d58951a,BELONGS_TO_INDUSTRY
job_3c4f968cb95317e0,industry_6bc900c03c2b4201,BELONGS_TO_INDUSTRY
job_4142cecaac11f927,industry_f27b59fafea3e9ff,BELONGS_TO_INDUSTRY
job_fd547cd6633e4256,industry_ae6ab642180c1294,BELONGS_TO_INDUSTRY
job_fd547cd6633e4256,industry_e427b1aedad44472,BELONGS_TO_INDUSTRY
job_4142cecaac11f927,industry_a4f391e14e0c2a7b,BELONGS_TO_INDUSTRY
job_93f725a07423fe1c,industry_46b4b7e39965dcb6,BELONGS_TO_INDUSTRY
job_99a272194eb867ea,industry_d21e3606fdd70898,BELONGS_TO_INDUSTRY
job_99a272194eb867ea,industry_0b7c760665070673,BELONGS_TO_INDUSTRY
job_cf31214be2321080,industry_95ba56e8290fd517,BELONGS_TO_INDUSTRY
job_4142cecaac11f927,industry_60c524de10668602,BELONGS_TO_INDUSTRY
job_3c4f968cb95317e0,industry_c2acb5e17a000aaa,BELONGS_TO_INDUSTRY
job_99a272194eb867ea,industry_5eea7cfe501df8fe,BELONGS_TO_INDUSTRY
job_93f725a07423fe1c,industry_9258621ad7602995,BELONGS_TO_INDUSTRY
job_3c4f968cb95317e0,industry_2e942cfc8f1262c1,BELONGS_TO_INDUSTRY
job_fd547cd6633e4256,industry_00818d72ccb2862c,BELONGS_TO_INDUSTRY
job_93f725a07423fe1c,industry_bfd4c25f0ae65d42,BELONGS_TO_INDUSTRY
job_3c4f968cb95317e0,industry_3ae162eee32681ed,BELONGS_TO_INDUSTRY
job_4c14765528b76b65,industry_c3648974154c7eaa,BELONGS_TO_INDUSTRY
job_4142cecaac11f927,industry_b1b6892558acec7a,BELONGS_TO_INDUSTRY
job_3c4f968cb95317e0,industry_dd5ddfa0e5b8f871,BELONGS_TO_INDUSTRY
job_4c14765528b76b65,industry_c6e1d1eee3310b62,BELONGS_TO_INDUSTRY
job_93f725a07423fe1c,industry_c10375dda2dfc794,BELONGS_TO_INDUSTRY
job_93f725a07423fe1c,industry_41902aa2cc15eab3,BELONGS_TO_INDUSTRY
job_3c4f968cb95317e0,industry_7717bb1a3ee38ddc,BELONGS_TO_INDUSTRY
job_4142cecaac11f927,industry_8e1d4bd74ba6b520,BELONGS_TO_INDUSTRY
job_99a272194eb867ea,industry_59ff21a327d33f2b,BELONGS_TO_INDUSTRY
job_fd547cd6633e4256,industry_da88abf5aff90c13,BELONGS_TO_INDUSTRY
job_3c4f968cb95317e0,industry_3ac6e7e0285557ce,BELONGS_TO_INDUSTRY
job_93f725a07423fe1c,industry_b6a5f79fbee38478,BELONGS_TO_INDUSTRY
job_93f725a07423fe1c,industry_74d8d4c08f8af824,BELONGS_TO_INDUSTRY
job_4142cecaac11f927,industry_68084d3bca83d83f,BELONGS_TO_INDUSTRY
job_4c14765528b76b65,industry_da89135649a6533f,BELONGS_TO_INDUSTRY
job_cf31214be2321080,industry_102be531ba2c6bc0,BELONGS_TO_INDUSTRY
job_cf31214be2321080,industry_5ac5246460502314,BELONGS_TO_INDUSTRY
job_cf31214be2321080,industry_106c4b022b0542cc,BELONGS_TO_INDUSTRY
job_c022617a8d3fb9ea,industry_a4e10734f8cceb7e,BELONGS_TO_INDUSTRY
job_4c14765528b76b65,industry_adff3ef3295e56a6,BELONGS_TO_INDUSTRY
job_99a272194eb867ea,industry_3ac6e7e0285557ce,BELONGS_TO_INDUSTRY
job_93f725a07423fe1c,industry_b7fb57b133832cc5,BELONGS_TO_INDUSTRY
job_fd547cd6633e4256,industry_f9ebe62a214ed1ce,BELONGS_TO_INDUSTRY
job_3c4f968cb95317e0,industry_db50a888cd86d99c,BELONGS_TO_INDUSTRY
job_3c4f968cb95317e0,industry_311fa3f37e1b43ab,BELONGS_TO_INDUSTRY
job_cf31214be2321080,industry_60bfdaa330abb7bd,BELONGS_TO_INDUSTRY
job_fd547cd6633e4256,industry_9a38d5c05957b9e2,BELONGS_TO_INDUSTRY
job_4142cecaac11f927,industry_2eeb183e228e15fc,BELONGS_TO_INDUSTRY
job_4142cecaac11f927,industry_f23741ba1e7ad07a,BELONGS_TO_INDUSTRY
job_3c4f968cb95317e0,industry_c54d1874668d2cda,BELONGS_TO_INDUSTRY
job_fd547cd6633e4256,industry_abb4dacbea7d5f62,BELONGS_TO_INDUSTRY
job_3c4f968cb95317e0,industry_9ffd5fe39fdf5115,BELONGS_TO_INDUSTRY
job_99a272194eb867ea,industry_65106cf2c128ab57,BELONGS_TO_INDUSTRY
job_c022617a8d3fb9ea,industry_a3745913f165bc41,BELONGS_TO_INDUSTRY
job_cf31214be2321080,industry_cd65ef29b6fc1765,BELONGS_TO_INDUSTRY
job_99a272194eb867ea,industry_1ca76e2d3a1fbe3f,BELONGS_TO_INDUSTRY
job_cf31214be2321080,industry_d651688958224120,BELONGS_TO_INDUSTRY
job_f76ae5ed9254dcc0,industry_4ded0541b052ab99,BELONGS_TO_INDUSTRY
job_99a272194eb867ea,industry_4073fc2ac1e85176,BELONGS_TO_INDUSTRY
job_3c4f968cb95317e0,industry_1bb85b409b1a0022,BELONGS_TO_INDUSTRY
job_99a272194eb867ea,industry_f4afe65bcab69525,BELONGS_TO_INDUSTRY
job_4142cecaac11f927,industry_29b2d94b63e1ec3c,BELONGS_TO_INDUSTRY
job_4142cecaac11f927,industry_87b14c57f2042e32,BELONGS_TO_INDUSTRY
job_fd547cd6633e4256,industry_83d7a2e752c6ccf2,BELONGS_TO_INDUSTRY
job_99a272194eb867ea,industry_4a8070a4bcfabb97,BELONGS_TO_INDUSTRY
job_c022617a8d3fb9ea,industry_505a2ae53d796430,BELONGS_TO_INDUSTRY
job_4c14765528b76b65,industry_775cf498ac0e52fd,BELONGS_TO_INDUSTRY
job_3c4f968cb95317e0,industry_74f9c5d2d9501720,BELONGS_TO_INDUSTRY
job_93f725a07423fe1c,industry_dddb79b918266e9b,BELONGS_TO_INDUSTRY
job_c022617a8d3fb9ea,industry_55a028c235fe13b4,BELONGS_TO_INDUSTRY
job_fd547cd6633e4256,industry_3aad7cc3f190c4e9,BELONGS_TO_INDUSTRY
job_93f725a07423fe1c,industry_819ac9c0d2ffc297,BELONGS_TO_INDUSTRY
job_4c14765528b76b65,industry_cfa1ae15a14e439f,BELONGS_TO_INDUSTRY
job_fd547cd6633e4256,industry_dd18b6f04218c662,BELONGS_TO_INDUSTRY
job_4142cecaac11f927,industry_d64e2ed7698eb696,BELONGS_TO_INDUSTRY
job_4c14765528b76b65,industry_dc7ae4a01bb81c7a,BELONGS_TO_INDUSTRY
job_fd547cd6633e4256,industry_dd2785e67e7675b9,BELONGS_TO_INDUSTRY
job_c022617a8d3fb9ea,industry_0b7c760665070673,BELONGS_TO_INDUSTRY
job_4c14765528b76b65,industry_f05e133bbcfa0824,BELONGS_TO_INDUSTRY
job_4c14765528b76b65,industry_1d5858bd3b56dac1,BELONGS_TO_INDUSTRY
job_fd547cd6633e4256,industry_3bdb34fc21734a3f,BELONGS_TO_INDUSTRY
job_3c4f968cb95317e0,industry_b7fb57b133832cc5,BELONGS_TO_INDUSTRY
job_3c4f968cb95317e0,industry_7912f396b653427a,BELONGS_TO_INDUSTRY
job_4c14765528b76b65,industry_bf6626f4d96eb9fc,BELONGS_TO_INDUSTRY
job_cf31214be2321080,industry_8f0963ec9c4fb042,BELONGS_TO_INDUSTRY
job_c022617a8d3fb9ea,industry_07e99955442c5588,BELONGS_TO_INDUSTRY
job_c022617a8d3fb9ea,industry_9258621ad7602995,BELONGS_TO_INDUSTRY
job_3c4f968cb95317e0,industry_89b27afa4f46d28d,BELONGS_TO_INDUSTRY
job_f76ae5ed9254dcc0,industry_fe6da672e1bd2f06,BELONGS_TO_INDUSTRY
job_fd547cd6633e4256,industry_0495ad950d091db2,BELONGS_TO_INDUSTRY
job_c022617a8d3fb9ea,industry_bb22796ada480427,BELONGS_TO_INDUSTRY
job_99a272194eb867ea,industry_be49e542523d1544,BELONGS_TO_INDUSTRY
job_4c14765528b76b65,industry_dddb79b918266e9b,BELONGS_TO_INDUSTRY
job_cf31214be2321080,industry_565ce66706b71ff7,BELONGS_TO_INDUSTRY
job_4142cecaac11f927,industry_b05820a88f9443d9,BELONGS_TO_INDUSTRY
job_93f725a07423fe1c,industry_70de4b9b7bce8a87,BELONGS_TO_INDUSTRY
job_4142cecaac11f927,industry_6dcb14110ce8c015,BELONGS_TO_INDUSTRY
job_fd547cd6633e4256,industry_f1100fc6ae3b182f,BELONGS_TO_INDUSTRY
job_4c14765528b76b65,industry_dcfed3915eef1a07,BELONGS_TO_INDUSTRY
job_3c4f968cb95317e0,industry_6c948380c8977b75,BELONGS_TO_INDUSTRY
job_4c14765528b76b65,industry_f4afe65bcab69525,BELONGS_TO_INDUSTRY
job_3c4f968cb95317e0,industry_bcaa67c67134a927,BELONGS_TO_INDUSTRY
job_f76ae5ed9254dcc0,industry_f27b59fafea3e9ff,BELONGS_TO_INDUSTRY
job_4142cecaac11f927,industry_acb0e0b62b491ef9,BELONGS_TO_INDUSTRY
job_4142cecaac11f927,industry_d8b552e688b70117,BELONGS_TO_INDUSTRY
job_99a272194eb867ea,industry_de3118a77d84d9ec,BELONGS_TO_INDUSTRY
job_fd547cd6633e4256,industry_f74cf60fdcccbf2a,BELONGS_TO_INDUSTRY
job_4142cecaac11f927,industry_c4032ae252fcae03,BELONGS_TO_INDUSTRY
job_4142cecaac11f927,industry_e4b17e604c0b2944,BELONGS_TO_INDUSTRY
job_93f725a07423fe1c,industry_30c30299336a172a,BELONGS_TO_INDUSTRY
job_3c4f968cb95317e0,industry_bf4f6bfdcd033310,BELONGS_TO_INDUSTRY
job_93f725a07423fe1c,industry_8e3798381b8e6177,BELONGS_TO_INDUSTRY
job_99a272194eb867ea,industry_b815f8631a675bbb,BELONGS_TO_INDUSTRY
job_c022617a8d3fb9ea,industry_da1fd0483cc3ae58,BELONGS_TO_INDUSTRY
job_4142cecaac11f927,industry_54585547b61373a3,BELONGS_TO_INDUSTRY
job_fd547cd6633e4256,industry_5400b26eae44899f,BELONGS_TO_INDUSTRY
job_fd547cd6633e4256,industry_ee7c1482a5647382,BELONGS_TO_INDUSTRY
job_93f725a07423fe1c,industry_66a8d52316dd979b,BELONGS_TO_INDUSTRY
job_93f725a07423fe1c,industry_3918d00de567dba4,BELONGS_TO_INDUSTRY
job_4142cecaac11f927,industry_775cf498ac0e52fd,BELONGS_TO_INDUSTRY
job_cf31214be2321080,industry_0b7c760665070673,BELONGS_TO_INDUSTRY
job_99a272194eb867ea,industry_3bb7e758f4357da9,BELONGS_TO_INDUSTRY
job_3c4f968cb95317e0,industry_60db45e646d2bfe5,BELONGS_TO_INDUSTRY
job_fd547cd6633e4256,industry_e2e1bc841ee19b5a,BELONGS_TO_INDUSTRY
job_4142cecaac11f927,industry_f52bc719d8e8ec2f,BELONGS_TO_INDUSTRY
job_3c4f968cb95317e0,industry_7da06ec5b0ec2c65,BELONGS_TO_INDUSTRY
job_4142cecaac11f927,industry_c0553c3daecf8b9b,BELONGS_TO_INDUSTRY
job_fd547cd6633e4256,industry_8a68be7b3f4fdaa7,BELONGS_TO_INDUSTRY
job_4142cecaac11f927,industry_5400b26eae44899f,BELONGS_TO_INDUSTRY
job_3c4f968cb95317e0,industry_599375a253f92b1c,BELONGS_TO_INDUSTRY
job_fd547cd6633e4256,industry_c8df9d5d33df9a5f,BELONGS_TO_INDUSTRY
job_99a272194eb867ea,industry_3ae162eee32681ed,BELONGS_TO_INDUSTRY
job_fd547cd6633e4256,industry_03cdac5474ce3752,BELONGS_TO_INDUSTRY
job_c022617a8d3fb9ea,industry_1db5e022e4fa7c1e,BELONGS_TO_INDUSTRY
job_99a272194eb867ea,industry_70de4b9b7bce8a87,BELONGS_TO_INDUSTRY
job_99a272194eb867ea,industry_d55bf28b1b34e20f,BELONGS_TO_INDUSTRY
job_cf31214be2321080,industry_1aabc04cc2e991c0,BELONGS_TO_INDUSTRY
job_c022617a8d3fb9ea,industry_f5de213a7e5348bf,BELONGS_TO_INDUSTRY
job_93f725a07423fe1c,industry_af576796229632f9,BELONGS_TO_INDUSTRY
job_f76ae5ed9254dcc0,industry_8f4b06adb67aeb51,BELONGS_TO_INDUSTRY
job_3c4f968cb95317e0,industry_f068f0dad74789be,BELONGS_TO_INDUSTRY
job_93f725a07423fe1c,industry_c1fbd8830db54469,BELONGS_TO_INDUSTRY
job_99a272194eb867ea,industry_a3899e7f60ea1bdf,BELONGS_TO_INDUSTRY
job_c022617a8d3fb9ea,industry_c84dedf1cf501104,BELONGS_TO_INDUSTRY
job_cf31214be2321080,industry_f068f0dad74789be,BELONGS_TO_INDUSTRY
job_4142cecaac11f927,industry_64c9d4bafb76ce67,BELONGS_TO_INDUSTRY
job_fd547cd6633e4256,industry_026a8259a2bea16f,BELONGS_TO_INDUSTRY
job_cf31214be2321080,industry_c10375dda2dfc794,BELONGS_TO_INDUSTRY
job_3c4f968cb95317e0,industry_1f7e732a07778973,BELONGS_TO_INDUSTRY
job_fd547cd6633e4256,industry_4f224103de20465f,BELONGS_TO_INDUSTRY
job_3c4f968cb95317e0,industry_11f6d0244f684e5e,BELONGS_TO_INDUSTRY
job_4142cecaac11f927,industry_da1fd0483cc3ae58,BELONGS_TO_INDUSTRY
job_fd547cd6633e4256,industry_8049b2e66363142c,BELONGS_TO_INDUSTRY
job_cf31214be2321080,industry_dc7ae4a01bb81c7a,BELONGS_TO_INDUSTRY
job_cf31214be2321080,industry_2c9d6d186897721e,BELONGS_TO_INDUSTRY
job_3c4f968cb95317e0,industry_628bdde6d81e8a98,BELONGS_TO_INDUSTRY
job_3c4f968cb95317e0,industry_c8f175e39fef0362,BELONGS_TO_INDUSTRY
job_4142cecaac11f927,industry_87e5193c1501b5f9,BELONGS_TO_INDUSTRY
job_93f725a07423fe1c,industry_f74cf60fdcccbf2a,BELONGS_TO_INDUSTRY
job_fd547cd6633e4256,industry_509b8e3bfd504487,BELONGS_TO_INDUSTRY
job_c022617a8d3fb9ea,industry_d64e2ed7698eb696,BELONGS_TO_INDUSTRY
job_93f725a07423fe1c,industry_d55bf28b1b34e20f,BELONGS_TO_INDUSTRY
job_99a272194eb867ea,industry_0d37dc966845b9c1,BELONGS_TO_INDUSTRY
job_c022617a8d3fb9ea,industry_9ffd5fe39fdf5115,BELONGS_TO_INDUSTRY
job_c022617a8d3fb9ea,industry_9760b3b1f0a8aa7d,BELONGS_TO_INDUSTRY
job_cf31214be2321080,industry_dc3ced6781cda3a8,BELONGS_TO_INDUSTRY
job_99a272194eb867ea,industry_6bc900c03c2b4201,BELONGS_TO_INDUSTRY
job_cf31214be2321080,industry_b7efe001419f05f9,BELONGS_TO_INDUSTRY
job_93f725a07423fe1c,industry_368f6d910b494ebb,BELONGS_TO_INDUSTRY
job_4142cecaac11f927,industry_f365b9a30c0d5620,BELONGS_TO_INDUSTRY
job_cf31214be2321080,industry_8a68be7b3f4fdaa7,BELONGS_TO_INDUSTRY
job_99a272194eb867ea,industry_e5ef6eecfdba2d3b,BELONGS_TO_INDUSTRY
job_93f725a07423fe1c,industry_10cad115c93f473a,BELONGS_TO_INDUSTRY
job_99a272194eb867ea,industry_e53af6e7214ca302,BELONGS_TO_INDUSTRY
job_4142cecaac11f927,industry_da88abf5aff90c13,BELONGS_TO_INDUSTRY
job_99a272194eb867ea,industry_b5807e021edc769a,BELONGS_TO_INDUSTRY
job_fd547cd6633e4256,industry_baa22c3e6530575b,BELONGS_TO_INDUSTRY
job_4142cecaac11f927,industry_2bca5b7fdba29b3e,BELONGS_TO_INDUSTRY
job_cf31214be2321080,industry_f42fb302711e090a,BELONGS_TO_INDUSTRY
job_f76ae5ed9254dcc0,industry_7abb02f23b3034ea,BELONGS_TO_INDUSTRY
job_fd547cd6633e4256,industry_ac0cfbdc4f093990,BELONGS_TO_INDUSTRY
job_c022617a8d3fb9ea,industry_635122fe85a8e3a0,BELONGS_TO_INDUSTRY
job_fd547cd6633e4256,industry_ab4df8b438adb601,BELONGS_TO_INDUSTRY
job_cf31214be2321080,industry_dece44e51bcef520,BELONGS_TO_INDUSTRY
job_99a272194eb867ea,industry_ae6ab642180c1294,BELONGS_TO_INDUSTRY
job_4142cecaac11f927,industry_c2acb5e17a000aaa,BELONGS_TO_INDUSTRY
job_3c4f968cb95317e0,industry_b69b730629674501,BELONGS_TO_INDUSTRY
job_3c4f968cb95317e0,industry_213d4f0b93ca90db,BELONGS_TO_INDUSTRY
job_4c14765528b76b65,industry_be0ca062495b9262,BELONGS_TO_INDUSTRY
job_cf31214be2321080,industry_7a03acd5f491f8be,BELONGS_TO_INDUSTRY
job_cf31214be2321080,industry_d5acfd6a585a9ab3,BELONGS_TO_INDUSTRY
job_cf31214be2321080,industry_a256b2b947f70d7c,BELONGS_TO_INDUSTRY
job_fd547cd6633e4256,industry_d68f08ccbc18c043,BELONGS_TO_INDUSTRY
job_cf31214be2321080,industry_3703b908f9180b2b,BELONGS_TO_INDUSTRY
job_cf31214be2321080,industry_8eb66270f22befe9,BELONGS_TO_INDUSTRY
job_99a272194eb867ea,industry_599375a253f92b1c,BELONGS_TO_INDUSTRY
job_4c14765528b76b65,industry_5400b26eae44899f,BELONGS_TO_INDUSTRY
job_99a272194eb867ea,industry_a83cc763349362d3,BELONGS_TO_INDUSTRY
job_4142cecaac11f927,industry_f3273c50b56cca60,BELONGS_TO_INDUSTRY
job_99a272194eb867ea,industry_1731c1bece7abe4a,BELONGS_TO_INDUSTRY
job_cf31214be2321080,industry_7717bb1a3ee38ddc,BELONGS_TO_INDUSTRY
job_cf31214be2321080,industry_9d24754c6e46297b,BELONGS_TO_INDUSTRY
job_f76ae5ed9254dcc0,industry_60e101d0b2f8f2d9,BELONGS_TO_INDUSTRY
job_4142cecaac11f927,industry_0d37dc966845b9c1,BELONGS_TO_INDUSTRY
job_99a272194eb867ea,industry_b49c409dad581e12,BELONGS_TO_INDUSTRY
job_4142cecaac11f927,industry_7f56845d098a1388,BELONGS_TO_INDUSTRY
job_93f725a07423fe1c,industry_4be487d2e4470863,BELONGS_TO_INDUSTRY
job_cf31214be2321080,industry_4ded0541b052ab99,BELONGS_TO_INDUSTRY
job_93f725a07423fe1c,industry_70c4cc017cf3d63b,BELONGS_TO_INDUSTRY
job_c022617a8d3fb9ea,industry_d2689d6fcf879495,BELONGS_TO_INDUSTRY
job_c022617a8d3fb9ea,industry_17b0bed33272561d,BELONGS_TO_INDUSTRY
job_93f725a07423fe1c,industry_da88abf5aff90c13,BELONGS_TO_INDUSTRY
job_3c4f968cb95317e0,industry_a4cb063aa9f4dbd3,BELONGS_TO_INDUSTRY
job_cf31214be2321080,industry_9f1b516cac36bd35,BELONGS_TO_INDUSTRY
job_cf31214be2321080,industry_b3f16a2322569c16,BELONGS_TO_INDUSTRY
job_fd547cd6633e4256,industry_89784102326535d2,BELONGS_TO_INDUSTRY
job_4142cecaac11f927,industry_3aad7cc3f190c4e9,BELONGS_TO_INDUSTRY
job_4c14765528b76b65,industry_dd2785e67e7675b9,BELONGS_TO_INDUSTRY
job_c022617a8d3fb9ea,industry_f27b59fafea3e9ff,BELONGS_TO_INDUSTRY
job_93f725a07423fe1c,industry_ca222aef808f5d34,BELONGS_TO_INDUSTRY
job_4142cecaac11f927,industry_bff17a56e567b9db,BELONGS_TO_INDUSTRY
job_3c4f968cb95317e0,industry_65ec2b4bb8bb7c2e,BELONGS_TO_INDUSTRY
job_fd547cd6633e4256,industry_464dd4c4da19212a,BELONGS_TO_INDUSTRY
job_4142cecaac11f927,industry_2816b231e76f958b,BELONGS_TO_INDUSTRY
job_4142cecaac11f927,industry_a0552044fccd2378,BELONGS_TO_INDUSTRY
job_fd547cd6633e4256,industry_68847c89ceeeccc0,BELONGS_TO_INDUSTRY
job_c022617a8d3fb9ea,industry_885b215d22017061,BELONGS_TO_INDUSTRY
job_cf31214be2321080,industry_cfefbabf213c6431,BELONGS_TO_INDUSTRY
job_3c4f968cb95317e0,industry_3d13e1c086cc2bde,BELONGS_TO_INDUSTRY
job_fd547cd6633e4256,industry_2a50e0510a495cee,BELONGS_TO_INDUSTRY
job_fd547cd6633e4256,industry_8a0914a90d0deed9,BELONGS_TO_INDUSTRY
job_3c4f968cb95317e0,industry_a5df354280109a5c,BELONGS_TO_INDUSTRY
job_cf31214be2321080,industry_bac101879bde6345,BELONGS_TO_INDUSTRY
job_4c14765528b76b65,industry_3a50538c5308f26c,BELONGS_TO_INDUSTRY
job_f76ae5ed9254dcc0,industry_66a8d52316dd979b,BELONGS_TO_INDUSTRY
job_4c14765528b76b65,industry_9f1b516cac36bd35,BELONGS_TO_INDUSTRY
job_93f725a07423fe1c,industry_3d13e1c086cc2bde,BELONGS_TO_INDUSTRY
job_99a272194eb867ea,industry_775cf498ac0e52fd,BELONGS_TO_INDUSTRY
job_4c14765528b76b65,industry_c7812edc748aa461,BELONGS_TO_INDUSTRY
job_4142cecaac11f927,industry_c10375dda2dfc794,BELONGS_TO_INDUSTRY
job_4c14765528b76b65,industry_b0284afde896d35a,BELONGS_TO_INDUSTRY
job_4142cecaac11f927,industry_170cfb2f1520f9f3,BELONGS_TO_INDUSTRY
job_fd547cd6633e4256,industry_d645a5daa36b6cbb,BELONGS_TO_INDUSTRY
job_4142cecaac11f927,industry_4a2192e8040e3648,BELONGS_TO_INDUSTRY
job_fd547cd6633e4256,industry_65ec2b4bb8bb7c2e,BELONGS_TO_INDUSTRY
job_99a272194eb867ea,industry_72c0b4fba8a936f4,BELONGS_TO_INDUSTRY
job_4142cecaac11f927,industry_1ff6f8395f3d6638,BELONGS_TO_INDUSTRY
job_99a272194eb867ea,industry_dd18b6f04218c662,BELONGS_TO_INDUSTRY
job_c022617a8d3fb9ea,industry_ce383b517562f128,BELONGS_TO_INDUSTRY
job_f76ae5ed9254dcc0,industry_bfd4c25f0ae65d42,BELONGS_TO_INDUSTRY
job_fd547cd6633e4256,industry_157ee898533c29ca,BELONGS_TO_INDUSTRY
job_4142cecaac11f927,industry_08489f66210a8f70,BELONGS_TO_INDUSTRY
job_fd547cd6633e4256,industry_4be487d2e4470863,BELONGS_TO_INDUSTRY
job_4142cecaac11f927,industry_024326d46eb8f397,BELONGS_TO_INDUSTRY
job_99a272194eb867ea,industry_819ac9c0d2ffc297,BELONGS_TO_INDUSTRY
job_fd547cd6633e4256,industry_f8c21fb07f7e1259,BELONGS_TO_INDUSTRY
job_3c4f968cb95317e0,industry_1882b4d3c29860d1,BELONGS_TO_INDUSTRY
job_fd547cd6633e4256,industry_310d99550599353c,BELONGS_TO_INDUSTRY
job_cf31214be2321080,industry_66a8d52316dd979b,BELONGS_TO_INDUSTRY
job_93f725a07423fe1c,industry_264cf1d101d91518,BELONGS_TO_INDUSTRY
job_99a272194eb867ea,industry_d1ebe8dcc9bb9f16,BELONGS_TO_INDUSTRY
job_cf31214be2321080,industry_97495647d84506ba,BELONGS_TO_INDUSTRY
job_99a272194eb867ea,industry_88524e2cf46b8bfe,BELONGS_TO_INDUSTRY
job_4142cecaac11f927,industry_659e2f73414faea6,BELONGS_TO_INDUSTRY
job_cf31214be2321080,industry_1ca76e2d3a1fbe3f,BELONGS_TO_INDUSTRY
job_fd547cd6633e4256,industry_535ccc74f737d16c,BELONGS_TO_INDUSTRY
job_99a272194eb867ea,industry_5542de3893bc3ac6,BELONGS_TO_INDUSTRY
job_93f725a07423fe1c,industry_ae58e48d16fbdf7a,BELONGS_TO_INDUSTRY
job_fd547cd6633e4256,industry_bf6626f4d96eb9fc,BELONGS_TO_INDUSTRY
job_3c4f968cb95317e0,industry_978da6152202f59f,BELONGS_TO_INDUSTRY
job_c022617a8d3fb9ea,industry_8991f2892f8d6453,BELONGS_TO_INDUSTRY
job_c022617a8d3fb9ea,industry_b3f16a2322569c16,BELONGS_TO_INDUSTRY
job_93f725a07423fe1c,industry_e67a8965703c0540,BELONGS_TO_INDUSTRY
job_c022617a8d3fb9ea,industry_c6055e0bfa0cb139,BELONGS_TO_INDUSTRY
job_4c14765528b76b65,industry_a3d08750994a4244,BELONGS_TO_INDUSTRY
job_c022617a8d3fb9ea,industry_0120c8f3ebed1d60,BELONGS_TO_INDUSTRY
job_4c14765528b76b65,industry_cf8e812d8b19cc7c,BELONGS_TO_INDUSTRY
job_c022617a8d3fb9ea,industry_bf6626f4d96eb9fc,BELONGS_TO_INDUSTRY
job_93f725a07423fe1c,industry_56c0f34fa18293a4,BELONGS_TO_INDUSTRY
job_4142cecaac11f927,industry_b5807e021edc769a,BELONGS_TO_INDUSTRY
job_4c14765528b76b65,industry_599375a253f92b1c,BELONGS_TO_INDUSTRY
job_93f725a07423fe1c,industry_ba1fd88d0428c22f,BELONGS_TO_INDUSTRY
job_93f725a07423fe1c,industry_5d335bbe91e43e89,BELONGS_TO_INDUSTRY
job_99a272194eb867ea,industry_6b8b01845a4134be,BELONGS_TO_INDUSTRY
job_fd547cd6633e4256,industry_8e1d4bd74ba6b520,BELONGS_TO_INDUSTRY
job_3c4f968cb95317e0,industry_08f96a927cfbd835,BELONGS_TO_INDUSTRY
job_3c4f968cb95317e0,industry_bf6626f4d96eb9fc,BELONGS_TO_INDUSTRY
job_4c14765528b76b65,industry_fba82c1faa57ea51,BELONGS_TO_INDUSTRY
job_4142cecaac11f927,industry_50e62290bd449fe3,BELONGS_TO_INDUSTRY
job_cf31214be2321080,industry_218d7be4219ec52e,BELONGS_TO_INDUSTRY
job_3c4f968cb95317e0,industry_6e9c02e56e3d32e0,BELONGS_TO_INDUSTRY
job_fd547cd6633e4256,industry_88524e2cf46b8bfe,BELONGS_TO_INDUSTRY
job_4c14765528b76b65,industry_09bf482d0251f7ca,BELONGS_TO_INDUSTRY
job_93f725a07423fe1c,industry_698295c911503f0c,BELONGS_TO_INDUSTRY
job_4c14765528b76b65,industry_368b16baa09e60dd,BELONGS_TO_INDUSTRY
job_3c4f968cb95317e0,industry_0b7c760665070673,BELONGS_TO_INDUSTRY
job_4142cecaac11f927,industry_eb784a9365a7bcc7,BELONGS_TO_INDUSTRY
job_cf31214be2321080,industry_433b498be18d78e9,BELONGS_TO_INDUSTRY
job_4142cecaac11f927,industry_c82e48160c4d9b78,BELONGS_TO_INDUSTRY
job_cf31214be2321080,industry_be49e542523d1544,BELONGS_TO_INDUSTRY
job_4142cecaac11f927,industry_39f568947f178ca1,BELONGS_TO_INDUSTRY
job_f76ae5ed9254dcc0,industry_1f7e732a07778973,BELONGS_TO_INDUSTRY
job_99a272194eb867ea,industry_8b64fb2790894dc6,BELONGS_TO_INDUSTRY
job_f76ae5ed9254dcc0,industry_775cf498ac0e52fd,BELONGS_TO_INDUSTRY
job_99a272194eb867ea,industry_03017041a1bb209f,BELONGS_TO_INDUSTRY
job_99a272194eb867ea,industry_ce7c225d2f6576fa,BELONGS_TO_INDUSTRY
job_4142cecaac11f927,industry_819ac9c0d2ffc297,BELONGS_TO_INDUSTRY
job_99a272194eb867ea,industry_630042fcc5b958aa,BELONGS_TO_INDUSTRY
job_cf31214be2321080,industry_4073fc2ac1e85176,BELONGS_TO_INDUSTRY
job_4142cecaac11f927,industry_7dce205ced5e2544,BELONGS_TO_INDUSTRY
job_f76ae5ed9254dcc0,industry_39c8cf9766686404,BELONGS_TO_INDUSTRY
job_cf31214be2321080,industry_fedcfd542b6c7410,BELONGS_TO_INDUSTRY
job_4142cecaac11f927,industry_0b7c760665070673,BELONGS_TO_INDUSTRY
job_4c14765528b76b65,industry_70d48ee151d5f750,BELONGS_TO_INDUSTRY
job_cf31214be2321080,industry_71fc4a0fa16a3b7a,BELONGS_TO_INDUSTRY
job_3c4f968cb95317e0,industry_802053851b5a91bc,BELONGS_TO_INDUSTRY
job_4c14765528b76b65,industry_2dc5436d9c2f5af0,BELONGS_TO_INDUSTRY
job_93f725a07423fe1c,industry_3f531f1c0618bbc0,BELONGS_TO_INDUSTRY
job_4c14765528b76b65,industry_f7f50c9220e740fd,BELONGS_TO_INDUSTRY
job_99a272194eb867ea,industry_c09dae32445c319e,BELONGS_TO_INDUSTRY
job_c022617a8d3fb9ea,industry_1ddda0d20bf7ea8f,BELONGS_TO_INDUSTRY
job_3c4f968cb95317e0,industry_c33a08e606e4889c,BELONGS_TO_INDUSTRY
job_fd547cd6633e4256,industry_dc7ae4a01bb81c7a,BELONGS_TO_INDUSTRY
job_4142cecaac11f927,industry_91c344451cf6bdfb,BELONGS_TO_INDUSTRY
job_99a272194eb867ea,industry_b05820a88f9443d9,BELONGS_TO_INDUSTRY
job_3c4f968cb95317e0,industry_b94fbdbea8f440a8,BELONGS_TO_INDUSTRY
job_99a272194eb867ea,industry_ae264c7ed5110169,BELONGS_TO_INDUSTRY
job_4142cecaac11f927,industry_c84dedf1cf501104,BELONGS_TO_INDUSTRY
job_fd547cd6633e4256,industry_e9507426c1fa1c4c,BELONGS_TO_INDUSTRY
job_93f725a07423fe1c,industry_be9a7412a9ad4c69,BELONGS_TO_INDUSTRY
job_3c4f968cb95317e0,industry_b0b1e2d539a1cb84,BELONGS_TO_INDUSTRY
job_93f725a07423fe1c,industry_213d4f0b93ca90db,BELONGS_TO_INDUSTRY
job_c022617a8d3fb9ea,industry_cf8e812d8b19cc7c,BELONGS_TO_INDUSTRY
job_4142cecaac11f927,industry_ae490a0495542118,BELONGS_TO_INDUSTRY
job_3c4f968cb95317e0,industry_0c4a430e2fd37324,BELONGS_TO_INDUSTRY
job_f76ae5ed9254dcc0,industry_6bb41fac232470bc,BELONGS_TO_INDUSTRY
job_fd547cd6633e4256,industry_b7fb57b133832cc5,BELONGS_TO_INDUSTRY
job_99a272194eb867ea,industry_243a3f4746dc6c81,BELONGS_TO_INDUSTRY
job_99a272194eb867ea,industry_adcac720c5665bc5,BELONGS_TO_INDUSTRY
job_cf31214be2321080,industry_5bb0c556f3b42f69,BELONGS_TO_INDUSTRY
job_f76ae5ed9254dcc0,industry_08c59b905c414660,BELONGS_TO_INDUSTRY
job_c022617a8d3fb9ea,industry_e0083b2aad856418,BELONGS_TO_INDUSTRY
job_fd547cd6633e4256,industry_dece44e51bcef520,BELONGS_TO_INDUSTRY
job_3c4f968cb95317e0,industry_9aae882cfe797adc,BELONGS_TO_INDUSTRY
job_93f725a07423fe1c,industry_4a2192e8040e3648,BELONGS_TO_INDUSTRY
job_fd547cd6633e4256,industry_0817a422b315f5fb,BELONGS_TO_INDUSTRY
job_c022617a8d3fb9ea,industry_d1f91591be1c75f4,BELONGS_TO_INDUSTRY
job_cf31214be2321080,industry_ef49248841887873,BELONGS_TO_INDUSTRY
job_3c4f968cb95317e0,industry_a0e3a787b6c2cd6a,BELONGS_TO_INDUSTRY
job_4c14765528b76b65,industry_f3826819c32b719d,BELONGS_TO_INDUSTRY
job_99a272194eb867ea,industry_d2ecb1471aa8742d,BELONGS_TO_INDUSTRY
job_4142cecaac11f927,industry_b6c036afd1011b9f,BELONGS_TO_INDUSTRY
job_fd547cd6633e4256,industry_bdf139d7fd4732f0,BELONGS_TO_INDUSTRY
job_fd547cd6633e4256,industry_8156b8276748601b,BELONGS_TO_INDUSTRY
job_4142cecaac11f927,industry_39c8cf9766686404,BELONGS_TO_INDUSTRY
job_4142cecaac11f927,industry_b28155f9344b7e23,BELONGS_TO_INDUSTRY
job_93f725a07423fe1c,industry_c3648974154c7eaa,BELONGS_TO_INDUSTRY
job_93f725a07423fe1c,industry_c6e1d1eee3310b62,BELONGS_TO_INDUSTRY
job_fd547cd6633e4256,industry_12316fed2d463c03,BELONGS_TO_INDUSTRY
job_3c4f968cb95317e0,industry_ae4a1b945d3e0978,BELONGS_TO_INDUSTRY
job_cf31214be2321080,industry_9bcc63580cfa994d,BELONGS_TO_INDUSTRY
job_3c4f968cb95317e0,industry_b5038e5be29e80e3,BELONGS_TO_INDUSTRY
job_93f725a07423fe1c,industry_a884c0db7b9c94c5,BELONGS_TO_INDUSTRY
job_93f725a07423fe1c,industry_8eb66270f22befe9,BELONGS_TO_INDUSTRY
job_4c14765528b76b65,industry_849bc806074e61d4,BELONGS_TO_INDUSTRY
job_4c14765528b76b65,industry_7e3792bddced09e6,BELONGS_TO_INDUSTRY
job_f76ae5ed9254dcc0,industry_68ae06af7fed671f,BELONGS_TO_INDUSTRY
job_93f725a07423fe1c,industry_b1007a14a3fe4d03,BELONGS_TO_INDUSTRY
job_93f725a07423fe1c,industry_862b51248cea5da1,BELONGS_TO_INDUSTRY
job_3c4f968cb95317e0,industry_65c51762e4b4b67c,BELONGS_TO_INDUSTRY
job_4c14765528b76b65,industry_58619499e5622429,BELONGS_TO_INDUSTRY
job_93f725a07423fe1c,industry_8f90e99091585585,BELONGS_TO_INDUSTRY
job_4142cecaac11f927,industry_93cebba517505763,BELONGS_TO_INDUSTRY
job_fd547cd6633e4256,industry_7f22abcf3da0731d,BELONGS_TO_INDUSTRY
job_fd547cd6633e4256,industry_41a071270bfbcfed,BELONGS_TO_INDUSTRY
job_f76ae5ed9254dcc0,industry_8f362bfdd2551d42,BELONGS_TO_INDUSTRY
job_4c14765528b76b65,industry_5dbc6e282f0993ad,BELONGS_TO_INDUSTRY
job_4c14765528b76b65,industry_19c3484ed0da34b4,BELONGS_TO_INDUSTRY
job_4142cecaac11f927,industry_8d844f74f83c2a5f,BELONGS_TO_INDUSTRY
job_4142cecaac11f927,industry_881305d1ef522316,BELONGS_TO_INDUSTRY
job_f76ae5ed9254dcc0,industry_185ce25ce73f8fdf,BELONGS_TO_INDUSTRY
job_cf31214be2321080,industry_7c8f96b65211ee7e,BELONGS_TO_INDUSTRY
job_f76ae5ed9254dcc0,industry_85003e09b8f22cd4,BELONGS_TO_INDUSTRY
job_cf31214be2321080,industry_0120c8f3ebed1d60,BELONGS_TO_INDUSTRY
job_fd547cd6633e4256,industry_27636649c92cd4e5,BELONGS_TO_INDUSTRY
job_f76ae5ed9254dcc0,industry_d2624f949680948c,BELONGS_TO_INDUSTRY
job_c022617a8d3fb9ea,industry_13a97f3258360b51,BELONGS_TO_INDUSTRY
job_4142cecaac11f927,industry_4b8e986eb135c6d9,BELONGS_TO_INDUSTRY
job_c022617a8d3fb9ea,industry_0ba3f131d35d5257,BELONGS_TO_INDUSTRY
job_4142cecaac11f927,industry_5220a0e3dcf5428d,BELONGS_TO_INDUSTRY
job_93f725a07423fe1c,industry_e55c69e2414bf5c0,BELONGS_TO_INDUSTRY
job_4142cecaac11f927,industry_39bc478e47d74b55,BELONGS_TO_INDUSTRY
job_cf31214be2321080,industry_d4c1b787cb7651d7,BELONGS_TO_INDUSTRY
job_fd547cd6633e4256,industry_47ddc4f2efcea7a0,BELONGS_TO_INDUSTRY
job_99a272194eb867ea,industry_5d12fdeb32863d21,BELONGS_TO_INDUSTRY
job_4142cecaac11f927,industry_9a5afbe2f299d84d,BELONGS_TO_INDUSTRY
job_93f725a07423fe1c,industry_fe424e44b2618aba,BELONGS_TO_INDUSTRY
job_3c4f968cb95317e0,industry_c8f19adf188cb6e1,BELONGS_TO_INDUSTRY
job_4142cecaac11f927,industry_b3f16a2322569c16,BELONGS_TO_INDUSTRY
job_4142cecaac11f927,industry_0c4a430e2fd37324,BELONGS_TO_INDUSTRY
job_4142cecaac11f927,industry_9e13637b8a4710f6,BELONGS_TO_INDUSTRY
job_4142cecaac11f927,industry_c589bb17878ff37d,BELONGS_TO_INDUSTRY
job_4142cecaac11f927,industry_ba08216f13dd1742,BELONGS_TO_INDUSTRY
job_4142cecaac11f927,industry_e88a37bf38335694,BELONGS_TO_INDUSTRY
job_3c4f968cb95317e0,industry_807682124f95b650,BELONGS_TO_INDUSTRY
job_93f725a07423fe1c,industry_ae6ab642180c1294,BELONGS_TO_INDUSTRY
job_99a272194eb867ea,industry_85146f58d1cd34b0,BELONGS_TO_INDUSTRY
job_fd547cd6633e4256,industry_ece9aeacf931e213,BELONGS_TO_INDUSTRY
job_fd547cd6633e4256,industry_e83fdbb52b00795c,BELONGS_TO_INDUSTRY
job_fd547cd6633e4256,industry_3f7581b20003f96e,BELONGS_TO_INDUSTRY
job_4c14765528b76b65,industry_372ad8454aea6f38,BELONGS_TO_INDUSTRY
job_99a272194eb867ea,industry_8f30a89a08d618fc,BELONGS_TO_INDUSTRY
job_93f725a07423fe1c,industry_72c0b4fba8a936f4,BELONGS_TO_INDUSTRY
job_cf31214be2321080,industry_7f56845d098a1388,BELONGS_TO_INDUSTRY
job_4c14765528b76b65,industry_ece9aeacf931e213,BELONGS_TO_INDUSTRY
job_93f725a07423fe1c,industry_b7b425cb81365b82,BELONGS_TO_INDUSTRY
job_cf31214be2321080,industry_1f659f7eb580612c,BELONGS_TO_INDUSTRY
job_4c14765528b76b65,industry_dece44e51bcef520,BELONGS_TO_INDUSTRY
job_4142cecaac11f927,industry_e68f59ccc6fa499c,BELONGS_TO_INDUSTRY
job_4142cecaac11f927,industry_69c817dad03ce4bf,BELONGS_TO_INDUSTRY
job_f76ae5ed9254dcc0,industry_0db8306d9a0f1783,BELONGS_TO_INDUSTRY
job_c022617a8d3fb9ea,industry_01cb7217bf35150b,BELONGS_TO_INDUSTRY
job_4142cecaac11f927,industry_dea18ff1d37f0e64,BELONGS_TO_INDUSTRY
job_93f725a07423fe1c,industry_d8fcfb91dc37a6c2,BELONGS_TO_INDUSTRY
job_3c4f968cb95317e0,industry_31cd567a76fed913,BELONGS_TO_INDUSTRY
job_fd547cd6633e4256,industry_264cf1d101d91518,BELONGS_TO_INDUSTRY
job_fd547cd6633e4256,industry_39c8cf9766686404,BELONGS_TO_INDUSTRY
job_99a272194eb867ea,industry_74ba4d92567b7075,BELONGS_TO_INDUSTRY
job_4142cecaac11f927,industry_4edf0fc158e7370b,BELONGS_TO_INDUSTRY
job_4142cecaac11f927,industry_d25e5c983968a851,BELONGS_TO_INDUSTRY
job_fd547cd6633e4256,industry_83a410f6dba2fc0e,BELONGS_TO_INDUSTRY
job_cf31214be2321080,industry_9a0a678f54695b48,BELONGS_TO_INDUSTRY
job_f76ae5ed9254dcc0,industry_acb0e0b62b491ef9,BELONGS_TO_INDUSTRY
job_4c14765528b76b65,industry_218d7be4219ec52e,BELONGS_TO_INDUSTRY
job_3c4f968cb95317e0,industry_f23741ba1e7ad07a,BELONGS_TO_INDUSTRY
job_cf31214be2321080,industry_aebbca9351fc03f9,BELONGS_TO_INDUSTRY
job_f76ae5ed9254dcc0,industry_59ff21a327d33f2b,BELONGS_TO_INDUSTRY
job_cf31214be2321080,industry_fa6218b66f0c9d03,BELONGS_TO_INDUSTRY
job_3c4f968cb95317e0,industry_b3f16a2322569c16,BELONGS_TO_INDUSTRY
job_4142cecaac11f927,industry_a2fac045945aa8bb,BELONGS_TO_INDUSTRY
job_93f725a07423fe1c,industry_334df3525e328cc9,BELONGS_TO_INDUSTRY
job_4142cecaac11f927,industry_25cac55b78c5d2cb,BELONGS_TO_INDUSTRY
job_3c4f968cb95317e0,industry_34bab34927f825dd,BELONGS_TO_INDUSTRY
job_4c14765528b76b65,industry_42dca58fdd4ec1a0,BELONGS_TO_INDUSTRY
job_f76ae5ed9254dcc0,industry_f858230a18817a90,BELONGS_TO_INDUSTRY
job_99a272194eb867ea,industry_e13797416c56ed49,BELONGS_TO_INDUSTRY
job_c022617a8d3fb9ea,industry_1d5858bd3b56dac1,BELONGS_TO_INDUSTRY
job_f76ae5ed9254dcc0,industry_0b7c760665070673,BELONGS_TO_INDUSTRY
job_4142cecaac11f927,industry_57ed928f84804556,BELONGS_TO_INDUSTRY
job_c022617a8d3fb9ea,industry_710f29e8ac23e7ad,BELONGS_TO_INDUSTRY
job_fd547cd6633e4256,industry_2969453f3373571d,BELONGS_TO_INDUSTRY
job_4c14765528b76b65,industry_a05131268dab7df3,BELONGS_TO_INDUSTRY
job_93f725a07423fe1c,industry_d645a5daa36b6cbb,BELONGS_TO_INDUSTRY
job_b0236788176e25e8,industry_b6beb6fcb58440e0,BELONGS_TO_INDUSTRY
job_13b4e06b73fe2f6d,industry_e67a8965703c0540,BELONGS_TO_INDUSTRY
job_eb3dbea0981af154,industry_5b246bb762eb7006,BELONGS_TO_INDUSTRY
job_fa668a72b1ae10cd,industry_cf8e812d8b19cc7c,BELONGS_TO_INDUSTRY
job_b3b8330c883382e2,industry_bf6626f4d96eb9fc,BELONGS_TO_INDUSTRY
job_b0236788176e25e8,industry_be49e542523d1544,BELONGS_TO_INDUSTRY
job_aca446cd16fece9b,industry_0aaefe5f13753d16,BELONGS_TO_INDUSTRY
job_04aea8834ee4f6d8,industry_dd18b6f04218c662,BELONGS_TO_INDUSTRY
job_1345f77a5e9f3679,industry_3ac6e7e0285557ce,BELONGS_TO_INDUSTRY
job_aabdf996c696374d,industry_47177ac07f7c77d2,BELONGS_TO_INDUSTRY
job_bdcfba1bbf410d2e,industry_39c8cf9766686404,BELONGS_TO_INDUSTRY
job_16ad867ce3876074,industry_c24b6112f3d0c924,BELONGS_TO_INDUSTRY
job_bdcfba1bbf410d2e,industry_194cce02eb85c9a3,BELONGS_TO_INDUSTRY
job_8d8c65e04f25c1f8,industry_194cce02eb85c9a3,BELONGS_TO_INDUSTRY
job_190a13c69bcd01e8,industry_7c594ee93cbdf8a3,BELONGS_TO_INDUSTRY
job_1345f77a5e9f3679,industry_be9a7412a9ad4c69,BELONGS_TO_INDUSTRY
job_45c0014d002b2441,industry_200945027317732e,BELONGS_TO_INDUSTRY
job_bdcfba1bbf410d2e,industry_dd18b6f04218c662,BELONGS_TO_INDUSTRY
job_8d8c65e04f25c1f8,industry_7df18974b2ad2355,BELONGS_TO_INDUSTRY
job_e7bf21c3293048cb,industry_200945027317732e,BELONGS_TO_INDUSTRY
job_cd2fec21f8eb7370,industry_f42fb302711e090a,BELONGS_TO_INDUSTRY
job_8d8c65e04f25c1f8,industry_4b541583c4a90d24,BELONGS_TO_INDUSTRY
job_1345f77a5e9f3679,industry_f27b59fafea3e9ff,BELONGS_TO_INDUSTRY
job_cd2fec21f8eb7370,industry_c7812edc748aa461,BELONGS_TO_INDUSTRY
job_3a5fa7768ca17150,industry_f42fb302711e090a,BELONGS_TO_INDUSTRY
job_169613d0b39d1779,industry_c00eca71f6d6d9d7,BELONGS_TO_INDUSTRY
job_6c9333a2f8189af5,industry_c00eca71f6d6d9d7,BELONGS_TO_INDUSTRY
job_45c0014d002b2441,industry_fef321269326d5d3,BELONGS_TO_INDUSTRY
job_04aea8834ee4f6d8,industry_231c1918be8a5ef7,BELONGS_TO_INDUSTRY
job_fa668a72b1ae10cd,industry_a2fac045945aa8bb,BELONGS_TO_INDUSTRY
job_e0b7fbae4b6d484e,industry_cf8e812d8b19cc7c,BELONGS_TO_INDUSTRY
job_b647b2ff687cce63,industry_d2c063f337e67c7c,BELONGS_TO_INDUSTRY
job_bdcfba1bbf410d2e,industry_aebc8884f736df28,BELONGS_TO_INDUSTRY
job_2899702b726f1bbc,industry_dd2785e67e7675b9,BELONGS_TO_INDUSTRY
job_e0b7fbae4b6d484e,industry_6eec3c5fdf8d905f,BELONGS_TO_INDUSTRY
job_e0b7fbae4b6d484e,industry_194cce02eb85c9a3,BELONGS_TO_INDUSTRY
job_3a5fa7768ca17150,industry_7e5e2bbfe2f09065,BELONGS_TO_INDUSTRY
job_b647b2ff687cce63,industry_8ceb7914761d14db,BELONGS_TO_INDUSTRY
job_3a5fa7768ca17150,industry_a96d79a4085e72cf,BELONGS_TO_INDUSTRY
job_3a5fa7768ca17150,industry_5f8fa25781016b66,BELONGS_TO_INDUSTRY
job_d751bc4305e88659,industry_712af9582e6de73f,BELONGS_TO_INDUSTRY
job_a3c4c06d0aa660fb,industry_9f1b516cac36bd35,BELONGS_TO_INDUSTRY
job_e7bf21c3293048cb,industry_3a89bd8022148190,BELONGS_TO_INDUSTRY
job_8d8c65e04f25c1f8,industry_dd2785e67e7675b9,BELONGS_TO_INDUSTRY
job_2eb49af2b11d1f42,industry_dece44e51bcef520,BELONGS_TO_INDUSTRY
job_cd2fec21f8eb7370,industry_b2ac7fc47f23be1c,BELONGS_TO_INDUSTRY
job_b0236788176e25e8,industry_200945027317732e,BELONGS_TO_INDUSTRY
job_0958f7936b560695,industry_f42fb302711e090a,BELONGS_TO_INDUSTRY
job_2899702b726f1bbc,industry_cb39a585cdd6a3c9,BELONGS_TO_INDUSTRY
job_6c9333a2f8189af5,industry_0120c8f3ebed1d60,BELONGS_TO_INDUSTRY
job_2899702b726f1bbc,industry_845dbed95794ee77,BELONGS_TO_INDUSTRY
job_45c0014d002b2441,industry_1d2f21c586edc274,BELONGS_TO_INDUSTRY
job_b647b2ff687cce63,industry_ae4a1b945d3e0978,BELONGS_TO_INDUSTRY
job_0973384dd5cd70c7,industry_66d2bbd10ee0ff48,BELONGS_TO_INDUSTRY
job_0973384dd5cd70c7,industry_671cad70663454cc,BELONGS_TO_INDUSTRY
job_b0236788176e25e8,industry_7e5e2bbfe2f09065,BELONGS_TO_INDUSTRY
job_3a5fa7768ca17150,industry_0d29140e68fe9774,BELONGS_TO_INDUSTRY
job_b0236788176e25e8,industry_77062e065f753688,BELONGS_TO_INDUSTRY
job_e0b7fbae4b6d484e,industry_218d7be4219ec52e,BELONGS_TO_INDUSTRY
job_2899702b726f1bbc,industry_7aca385c04077176,BELONGS_TO_INDUSTRY
job_864675fae7fe40e4,industry_c42efc2f2c5b6e1c,BELONGS_TO_INDUSTRY
job_864675fae7fe40e4,industry_dd2785e67e7675b9,BELONGS_TO_INDUSTRY
job_d751bc4305e88659,industry_4170263606f0ffa1,BELONGS_TO_INDUSTRY
job_b3b8330c883382e2,industry_ed424450772376f9,BELONGS_TO_INDUSTRY
job_05360c01c2884c0f,industry_9f1b516cac36bd35,BELONGS_TO_INDUSTRY
job_0973384dd5cd70c7,industry_b4b1d03f119781fc,BELONGS_TO_INDUSTRY
job_2eb49af2b11d1f42,industry_d1ebe8dcc9bb9f16,BELONGS_TO_INDUSTRY
job_0f21fcc344e370fe,industry_be9a7412a9ad4c69,BELONGS_TO_INDUSTRY
job_b647b2ff687cce63,industry_00caa2daf719a18a,BELONGS_TO_INDUSTRY
job_fa668a72b1ae10cd,industry_71fc4a0fa16a3b7a,BELONGS_TO_INDUSTRY
job_2899702b726f1bbc,industry_972fa80ab4c81cd5,BELONGS_TO_INDUSTRY
job_b647b2ff687cce63,industry_f966c5432dc07aea,BELONGS_TO_INDUSTRY
job_7f69d84724c9c614,industry_da1fd0483cc3ae58,BELONGS_TO_INDUSTRY
job_bdcfba1bbf410d2e,industry_a9d18b41435bca2b,BELONGS_TO_INDUSTRY
job_2899702b726f1bbc,industry_eaa6cd2c3a5ad22b,BELONGS_TO_INDUSTRY
job_b647b2ff687cce63,industry_898225dedc918e13,BELONGS_TO_INDUSTRY
job_6c9333a2f8189af5,industry_e53af6e7214ca302,BELONGS_TO_INDUSTRY
job_169613d0b39d1779,industry_f42fb302711e090a,BELONGS_TO_INDUSTRY
job_eb3dbea0981af154,industry_8dcbb52c59805329,BELONGS_TO_INDUSTRY
job_2899702b726f1bbc,industry_cf8e812d8b19cc7c,BELONGS_TO_INDUSTRY
job_169613d0b39d1779,industry_200945027317732e,BELONGS_TO_INDUSTRY
job_9fa52e0a2da60a36,industry_2450d00a6420c640,BELONGS_TO_INDUSTRY
job_169613d0b39d1779,industry_d599d82fa6c683ed,BELONGS_TO_INDUSTRY
job_2899702b726f1bbc,industry_0b607a279e9e5e08,BELONGS_TO_INDUSTRY
job_2899702b726f1bbc,industry_f068f0dad74789be,BELONGS_TO_INDUSTRY
job_b0236788176e25e8,industry_12d0756cb3750aa0,BELONGS_TO_INDUSTRY
job_b647b2ff687cce63,industry_d2624f949680948c,BELONGS_TO_INDUSTRY
job_b647b2ff687cce63,industry_f81331fdf66577ea,BELONGS_TO_INDUSTRY
job_e7bf21c3293048cb,industry_1b70a17ead8b70d2,BELONGS_TO_INDUSTRY
job_3a5fa7768ca17150,industry_0f3c2476781a6499,BELONGS_TO_INDUSTRY
job_b0236788176e25e8,industry_2eed8513f5f0bbfc,BELONGS_TO_INDUSTRY
job_7c734d8dbd7cefc0,industry_191e928d62ec1993,BELONGS_TO_INDUSTRY
job_7f69d84724c9c614,industry_18af667648cb5d0d,BELONGS_TO_INDUSTRY
job_d751bc4305e88659,industry_200945027317732e,BELONGS_TO_INDUSTRY
job_190a13c69bcd01e8,industry_be84963f705e49a8,BELONGS_TO_INDUSTRY
job_2eb49af2b11d1f42,industry_3c3a1a9eb551be54,BELONGS_TO_INDUSTRY
job_b0236788176e25e8,industry_c12fe74b5d8243ca,BELONGS_TO_INDUSTRY
job_a30ef424ca18342c,industry_b05820a88f9443d9,BELONGS_TO_INDUSTRY
job_b647b2ff687cce63,industry_321949221028eec4,BELONGS_TO_INDUSTRY
job_04aea8834ee4f6d8,industry_f42fb302711e090a,BELONGS_TO_INDUSTRY
job_bdcfba1bbf410d2e,industry_cf8e812d8b19cc7c,BELONGS_TO_INDUSTRY
job_3a5fa7768ca17150,industry_7c8f96b65211ee7e,BELONGS_TO_INDUSTRY
job_026f1ca8b5d14b87,industry_6833c0d1d1c82896,BELONGS_TO_INDUSTRY
job_2eeb8e13a8e39941,industry_ca222aef808f5d34,BELONGS_TO_INDUSTRY
job_1345f77a5e9f3679,industry_da1fd0483cc3ae58,BELONGS_TO_INDUSTRY
job_0f21fcc344e370fe,industry_cfa1ae15a14e439f,BELONGS_TO_INDUSTRY
job_d751bc4305e88659,industry_a2fac045945aa8bb,BELONGS_TO_INDUSTRY
job_0f21fcc344e370fe,industry_3f06ecd58c0acad1,BELONGS_TO_INDUSTRY
job_026f1ca8b5d14b87,industry_b2aab2a8b2002005,BELONGS_TO_INDUSTRY
job_b3b8330c883382e2,industry_da1fd0483cc3ae58,BELONGS_TO_INDUSTRY
job_b04f2101dd1ddb9e,industry_f27b59fafea3e9ff,BELONGS_TO_INDUSTRY
job_7c734d8dbd7cefc0,industry_0120c8f3ebed1d60,BELONGS_TO_INDUSTRY
job_8d8c65e04f25c1f8,industry_e67a8965703c0540,BELONGS_TO_INDUSTRY
job_aabdf996c696374d,industry_ca451c7797873d03,BELONGS_TO_INDUSTRY
job_2eb49af2b11d1f42,industry_bedfe56619f9dcdd,BELONGS_TO_INDUSTRY
job_cd2fec21f8eb7370,industry_51ed32ded27bb27e,BELONGS_TO_INDUSTRY
job_b647b2ff687cce63,industry_7c8f96b65211ee7e,BELONGS_TO_INDUSTRY
job_05360c01c2884c0f,industry_a2fac045945aa8bb,BELONGS_TO_INDUSTRY
job_169613d0b39d1779,industry_0d4ec7e90570347d,BELONGS_TO_INDUSTRY
job_d751bc4305e88659,industry_7907d7b70ab0a071,BELONGS_TO_INDUSTRY
job_9fa52e0a2da60a36,industry_1bb8f67607d5b655,BELONGS_TO_INDUSTRY
job_169613d0b39d1779,industry_e67a8965703c0540,BELONGS_TO_INDUSTRY
job_0973384dd5cd70c7,industry_b1007a14a3fe4d03,BELONGS_TO_INDUSTRY
job_05360c01c2884c0f,industry_9ffd5fe39fdf5115,BELONGS_TO_INDUSTRY
job_1345f77a5e9f3679,industry_7acbc36ce7a09d28,BELONGS_TO_INDUSTRY
job_05360c01c2884c0f,industry_b2ac7fc47f23be1c,BELONGS_TO_INDUSTRY
job_0973384dd5cd70c7,industry_ef85aa1f2fc20209,BELONGS_TO_INDUSTRY
job_b3b8330c883382e2,industry_f42fb302711e090a,BELONGS_TO_INDUSTRY
job_b647b2ff687cce63,industry_200945027317732e,BELONGS_TO_INDUSTRY
job_9fa52e0a2da60a36,industry_3448ac18f205e526,BELONGS_TO_INDUSTRY
job_b0236788176e25e8,industry_d983c5d521739d40,BELONGS_TO_INDUSTRY
job_2899702b726f1bbc,industry_f27b59fafea3e9ff,BELONGS_TO_INDUSTRY
job_830cb212a6df619f,industry_f27b59fafea3e9ff,BELONGS_TO_INDUSTRY
job_bdcfba1bbf410d2e,industry_da89135649a6533f,BELONGS_TO_INDUSTRY
job_cfce5a26d8af9321,industry_4c37375f76edda96,BELONGS_TO_INDUSTRY
job_04aea8834ee4f6d8,industry_f5936014c26abd4c,BELONGS_TO_INDUSTRY
job_d751bc4305e88659,industry_dc7ae4a01bb81c7a,BELONGS_TO_INDUSTRY
job_b647b2ff687cce63,industry_e27cb3cb37358b5a,BELONGS_TO_INDUSTRY
job_0f21fcc344e370fe,industry_6f92cd9236c62272,BELONGS_TO_INDUSTRY
job_2eeb8e13a8e39941,industry_da1fd0483cc3ae58,BELONGS_TO_INDUSTRY
job_b647b2ff687cce63,industry_ea3b885c8b81b067,BELONGS_TO_INDUSTRY
job_169613d0b39d1779,industry_b341cef578ea223f,BELONGS_TO_INDUSTRY
job_aca446cd16fece9b,industry_b73b757f8ac049aa,BELONGS_TO_INDUSTRY
job_b647b2ff687cce63,industry_2bf3313955903e81,BELONGS_TO_INDUSTRY
job_3a5fa7768ca17150,industry_4154f9d6ea373709,BELONGS_TO_INDUSTRY
job_bdcfba1bbf410d2e,industry_ac671ffa32390020,BELONGS_TO_INDUSTRY
job_190a13c69bcd01e8,industry_b3f16a2322569c16,BELONGS_TO_INDUSTRY
job_bdcfba1bbf410d2e,industry_359e88b5cba3c787,BELONGS_TO_INDUSTRY
job_169613d0b39d1779,industry_f27b59fafea3e9ff,BELONGS_TO_INDUSTRY
job_169613d0b39d1779,industry_88524e2cf46b8bfe,BELONGS_TO_INDUSTRY
job_7f69d84724c9c614,industry_03e2ef6bacb4df82,BELONGS_TO_INDUSTRY
job_190a13c69bcd01e8,industry_71c8bae65c4bbd79,BELONGS_TO_INDUSTRY
job_169613d0b39d1779,industry_dd18b6f04218c662,BELONGS_TO_INDUSTRY
job_2eeb8e13a8e39941,industry_0310aee56b1a1184,BELONGS_TO_INDUSTRY
job_169613d0b39d1779,industry_dc7ae4a01bb81c7a,BELONGS_TO_INDUSTRY
job_8fd2e93c20a6cb9c,industry_dd2785e67e7675b9,BELONGS_TO_INDUSTRY
job_fa668a72b1ae10cd,industry_dd2785e67e7675b9,BELONGS_TO_INDUSTRY
job_05360c01c2884c0f,industry_59ff21a327d33f2b,BELONGS_TO_INDUSTRY
job_b647b2ff687cce63,industry_fde829a30b550055,BELONGS_TO_INDUSTRY
job_e0b7fbae4b6d484e,industry_3f269e6c886a8801,BELONGS_TO_INDUSTRY
job_d751bc4305e88659,industry_f068f0dad74789be,BELONGS_TO_INDUSTRY
job_cd2fec21f8eb7370,industry_7f89517366e09d39,BELONGS_TO_INDUSTRY
job_6c9333a2f8189af5,industry_101752f460b81081,BELONGS_TO_INDUSTRY
job_7c734d8dbd7cefc0,industry_f27b59fafea3e9ff,BELONGS_TO_INDUSTRY
job_bdcfba1bbf410d2e,industry_723c9b6262abb12b,BELONGS_TO_INDUSTRY
job_2899702b726f1bbc,industry_3fb8e93a0c0c31bf,BELONGS_TO_INDUSTRY
job_b0236788176e25e8,industry_a96d79a4085e72cf,BELONGS_TO_INDUSTRY
job_190a13c69bcd01e8,industry_1d20627db5eefb0b,BELONGS_TO_INDUSTRY
job_03e5f6eca9c9aa3c,industry_f42fb302711e090a,BELONGS_TO_INDUSTRY
job_45c0014d002b2441,industry_d983c5d521739d40,BELONGS_TO_INDUSTRY
job_45c0014d002b2441,industry_cf8e812d8b19cc7c,BELONGS_TO_INDUSTRY
job_b0236788176e25e8,industry_f42fb302711e090a,BELONGS_TO_INDUSTRY
job_8fd2e93c20a6cb9c,industry_cf8e812d8b19cc7c,BELONGS_TO_INDUSTRY
job_9fa52e0a2da60a36,industry_b05820a88f9443d9,BELONGS_TO_INDUSTRY
job_3a5fa7768ca17150,industry_da89135649a6533f,BELONGS_TO_INDUSTRY
job_190a13c69bcd01e8,industry_a2fac045945aa8bb,BELONGS_TO_INDUSTRY
job_7f69d84724c9c614,industry_1e16329ebce6a64d,BELONGS_TO_INDUSTRY
job_13b4e06b73fe2f6d,industry_9f1b516cac36bd35,BELONGS_TO_INDUSTRY
job_2899702b726f1bbc,industry_4154f9d6ea373709,BELONGS_TO_INDUSTRY
job_1345f77a5e9f3679,industry_ca4e0fe77f5ed582,BELONGS_TO_INDUSTRY
job_eb3dbea0981af154,industry_bca20c4d3fb3a2a0,BELONGS_TO_INDUSTRY
job_b647b2ff687cce63,industry_d5acfd6a585a9ab3,BELONGS_TO_INDUSTRY
job_cd2fec21f8eb7370,industry_12d0756cb3750aa0,BELONGS_TO_INDUSTRY
job_05360c01c2884c0f,industry_71fc4a0fa16a3b7a,BELONGS_TO_INDUSTRY
job_2eb49af2b11d1f42,industry_f27b59fafea3e9ff,BELONGS_TO_INDUSTRY
job_190a13c69bcd01e8,industry_f42fb302711e090a,BELONGS_TO_INDUSTRY
job_b3b8330c883382e2,industry_0d66b40b99801763,BELONGS_TO_INDUSTRY
job_8d8c65e04f25c1f8,industry_2b1c4b77b41b4285,BELONGS_TO_INDUSTRY
job_9fa52e0a2da60a36,industry_200945027317732e,BELONGS_TO_INDUSTRY
job_03e5f6eca9c9aa3c,industry_200945027317732e,BELONGS_TO_INDUSTRY
job_b3b8330c883382e2,industry_b3d7562324d12a79,BELONGS_TO_INDUSTRY
job_b0236788176e25e8,industry_4446a828b8167ca4,BELONGS_TO_INDUSTRY
job_b3b8330c883382e2,industry_e88a37bf38335694,BELONGS_TO_INDUSTRY
job_3a5fa7768ca17150,industry_833d73cec016405f,BELONGS_TO_INDUSTRY
job_16ad867ce3876074,industry_d1f51090e6299ecc,BELONGS_TO_INDUSTRY
job_190a13c69bcd01e8,industry_f45332c239bda58e,BELONGS_TO_INDUSTRY
job_7c734d8dbd7cefc0,industry_200945027317732e,BELONGS_TO_INDUSTRY
job_1345f77a5e9f3679,industry_2d717d49a97ae687,BELONGS_TO_INDUSTRY
job_2eb49af2b11d1f42,industry_dd2785e67e7675b9,BELONGS_TO_INDUSTRY
job_e7bf21c3293048cb,industry_219e4f793d781b8e,BELONGS_TO_INDUSTRY
job_8d8c65e04f25c1f8,industry_47177ac07f7c77d2,BELONGS_TO_INDUSTRY
job_864675fae7fe40e4,industry_200945027317732e,BELONGS_TO_INDUSTRY
job_bdcfba1bbf410d2e,industry_0cc2ba01e53570f4,BELONGS_TO_INDUSTRY
job_2eb49af2b11d1f42,industry_f068f0dad74789be,BELONGS_TO_INDUSTRY
job_b04f2101dd1ddb9e,industry_c12fe74b5d8243ca,BELONGS_TO_INDUSTRY
job_8d8c65e04f25c1f8,industry_f42fb302711e090a,BELONGS_TO_INDUSTRY
job_3a5fa7768ca17150,industry_3ac6e7e0285557ce,BELONGS_TO_INDUSTRY
job_aabdf996c696374d,industry_200945027317732e,BELONGS_TO_INDUSTRY
job_169613d0b39d1779,industry_d2624f949680948c,BELONGS_TO_INDUSTRY
job_2899702b726f1bbc,industry_70c362e242ce045c,BELONGS_TO_INDUSTRY
job_9fa52e0a2da60a36,industry_b0da0e891b30c55b,BELONGS_TO_INDUSTRY
job_6c9333a2f8189af5,industry_bb8bb9ac86b3a60e,BELONGS_TO_INDUSTRY
job_0f21fcc344e370fe,industry_81e8bfffd7757979,BELONGS_TO_INDUSTRY
job_0f21fcc344e370fe,industry_0f96a8ce02642bad,BELONGS_TO_INDUSTRY
job_7c734d8dbd7cefc0,industry_819ac9c0d2ffc297,BELONGS_TO_INDUSTRY
job_04aea8834ee4f6d8,industry_c9d754b6be072d67,BELONGS_TO_INDUSTRY
job_0973384dd5cd70c7,industry_200945027317732e,BELONGS_TO_INDUSTRY
job_13b4e06b73fe2f6d,industry_93a5def1ef701857,BELONGS_TO_INDUSTRY
job_b3b8330c883382e2,industry_200945027317732e,BELONGS_TO_INDUSTRY
job_7f69d84724c9c614,industry_f27b59fafea3e9ff,BELONGS_TO_INDUSTRY
job_2eb49af2b11d1f42,industry_2324ae16afc84824,BELONGS_TO_INDUSTRY
job_6c9333a2f8189af5,industry_f42fb302711e090a,BELONGS_TO_INDUSTRY
job_2eb49af2b11d1f42,industry_200945027317732e,BELONGS_TO_INDUSTRY
job_b647b2ff687cce63,industry_bc9b990eb6ae2373,BELONGS_TO_INDUSTRY
job_190a13c69bcd01e8,industry_51092e2086259104,BELONGS_TO_INDUSTRY
job_aabdf996c696374d,industry_952c49615f7a29ac,BELONGS_TO_INDUSTRY
job_9fa52e0a2da60a36,industry_54025496a556f5d2,BELONGS_TO_INDUSTRY
job_b647b2ff687cce63,industry_03e2ef6bacb4df82,BELONGS_TO_INDUSTRY
job_b0236788176e25e8,industry_65ec2b4bb8bb7c2e,BELONGS_TO_INDUSTRY
job_2eb49af2b11d1f42,industry_f42fb302711e090a,BELONGS_TO_INDUSTRY
job_8d8c65e04f25c1f8,industry_a4d0ed65fa39884f,BELONGS_TO_INDUSTRY
job_05360c01c2884c0f,industry_abe5fe59059b7383,BELONGS_TO_INDUSTRY
job_aabdf996c696374d,industry_6c3f09a066e9209a,BELONGS_TO_INDUSTRY
job_aca446cd16fece9b,industry_5437ce6cdbc4f47e,BELONGS_TO_INDUSTRY
job_b0236788176e25e8,industry_7c671d97196583b2,BELONGS_TO_INDUSTRY
job_03e5f6eca9c9aa3c,industry_df4dec652b3e0aa9,BELONGS_TO_INDUSTRY
job_05360c01c2884c0f,industry_8eb66270f22befe9,BELONGS_TO_INDUSTRY
job_04aea8834ee4f6d8,industry_f27b59fafea3e9ff,BELONGS_TO_INDUSTRY
job_03e5f6eca9c9aa3c,industry_b73b757f8ac049aa,BELONGS_TO_INDUSTRY
job_bdcfba1bbf410d2e,industry_200945027317732e,BELONGS_TO_INDUSTRY
job_b04f2101dd1ddb9e,industry_194cce02eb85c9a3,BELONGS_TO_INDUSTRY
job_2eeb8e13a8e39941,industry_55cdbbb202bd20a2,BELONGS_TO_INDUSTRY
job_0973384dd5cd70c7,industry_e427b1aedad44472,BELONGS_TO_INDUSTRY
job_eb3dbea0981af154,industry_fb6ad677860761ad,BELONGS_TO_INDUSTRY
job_eb3dbea0981af154,industry_0b7c760665070673,BELONGS_TO_INDUSTRY
job_05360c01c2884c0f,industry_0ec418a34c3817ef,BELONGS_TO_INDUSTRY
job_169613d0b39d1779,industry_f81331fdf66577ea,BELONGS_TO_INDUSTRY
job_a3c4c06d0aa660fb,industry_f4787a33860248d4,BELONGS_TO_INDUSTRY
job_e0b7fbae4b6d484e,industry_200945027317732e,BELONGS_TO_INDUSTRY
job_2899702b726f1bbc,industry_a4d0ed65fa39884f,BELONGS_TO_INDUSTRY
job_7c734d8dbd7cefc0,industry_77ca3faeebc5ba7f,BELONGS_TO_INDUSTRY
job_3a5fa7768ca17150,industry_200945027317732e,BELONGS_TO_INDUSTRY
job_2eb49af2b11d1f42,industry_ecdb4cb9a6b54216,BELONGS_TO_INDUSTRY
job_7f69d84724c9c614,industry_ca30c015c5162c26,BELONGS_TO_INDUSTRY
job_45c0014d002b2441,industry_fb025d7abc8decc7,BELONGS_TO_INDUSTRY
job_bdcfba1bbf410d2e,industry_f27b59fafea3e9ff,BELONGS_TO_INDUSTRY
job_b0236788176e25e8,industry_a2fac045945aa8bb,BELONGS_TO_INDUSTRY
job_9fa52e0a2da60a36,industry_95d83edc566e0248,BELONGS_TO_INDUSTRY
job_05360c01c2884c0f,industry_2324ae16afc84824,BELONGS_TO_INDUSTRY
job_7c734d8dbd7cefc0,industry_bb250d1455aeecf4,BELONGS_TO_INDUSTRY
job_eb3dbea0981af154,industry_2eed8513f5f0bbfc,BELONGS_TO_INDUSTRY
job_b0236788176e25e8,industry_f52bc719d8e8ec2f,BELONGS_TO_INDUSTRY
job_190a13c69bcd01e8,industry_44a36fcb0f0ed38a,BELONGS_TO_INDUSTRY
job_45c0014d002b2441,industry_c2acb5e17a000aaa,BELONGS_TO_INDUSTRY
job_bdcfba1bbf410d2e,industry_7c8f96b65211ee7e,BELONGS_TO_INDUSTRY
job_eb3dbea0981af154,industry_bf6626f4d96eb9fc,BELONGS_TO_INDUSTRY
job_2eb49af2b11d1f42,industry_dd18b6f04218c662,BELONGS_TO_INDUSTRY
job_2899702b726f1bbc,industry_d2624f949680948c,BELONGS_TO_INDUSTRY
job_cd2fec21f8eb7370,industry_dbf15200d0524098,BELONGS_TO_INDUSTRY
job_9fa52e0a2da60a36,industry_dd18b6f04218c662,BELONGS_TO_INDUSTRY
job_e0b7fbae4b6d484e,industry_0b7c760665070673,BELONGS_TO_INDUSTRY
job_9fa52e0a2da60a36,industry_f27b59fafea3e9ff,BELONGS_TO_INDUSTRY
job_b0236788176e25e8,industry_4154f9d6ea373709,BELONGS_TO_INDUSTRY
job_d751bc4305e88659,industry_7a6bbc2f61ed35e1,BELONGS_TO_INDUSTRY
job_aabdf996c696374d,industry_479fd78d3cf2d07b,BELONGS_TO_INDUSTRY
job_cd2fec21f8eb7370,industry_a2fac045945aa8bb,BELONGS_TO_INDUSTRY
job_9fa52e0a2da60a36,industry_28c952917954419d,BELONGS_TO_INDUSTRY
job_a30ef424ca18342c,industry_1019e5f7295c1c67,BELONGS_TO_INDUSTRY
job_0973384dd5cd70c7,industry_dd2785e67e7675b9,BELONGS_TO_INDUSTRY
job_05360c01c2884c0f,industry_2eed8513f5f0bbfc,BELONGS_TO_INDUSTRY
job_1345f77a5e9f3679,industry_384b62d2af1c1bc2,BELONGS_TO_INDUSTRY
job_05360c01c2884c0f,industry_de0181e580d6e79d,BELONGS_TO_INDUSTRY
job_6c9333a2f8189af5,industry_7cdeadee411679ef,BELONGS_TO_INDUSTRY
job_1345f77a5e9f3679,industry_40c5270e4e2ff6cf,BELONGS_TO_INDUSTRY
job_169613d0b39d1779,industry_6902334eafd7f718,BELONGS_TO_INDUSTRY
job_1345f77a5e9f3679,industry_d2c063f337e67c7c,BELONGS_TO_INDUSTRY
job_9fa52e0a2da60a36,industry_194cce02eb85c9a3,BELONGS_TO_INDUSTRY
job_bdcfba1bbf410d2e,industry_3ac6e7e0285557ce,BELONGS_TO_INDUSTRY
job_b647b2ff687cce63,industry_194f21fe87f6c771,BELONGS_TO_INDUSTRY
job_b0236788176e25e8,industry_e427b1aedad44472,BELONGS_TO_INDUSTRY
job_2eb49af2b11d1f42,industry_885b215d22017061,BELONGS_TO_INDUSTRY
job_cd2fec21f8eb7370,industry_200945027317732e,BELONGS_TO_INDUSTRY
job_03e5f6eca9c9aa3c,industry_97fd8f853b7f1ac6,BELONGS_TO_INDUSTRY
job_7c734d8dbd7cefc0,industry_fb4808a9a528455f,BELONGS_TO_INDUSTRY
job_3a5fa7768ca17150,industry_65ec2b4bb8bb7c2e,BELONGS_TO_INDUSTRY
job_3a5fa7768ca17150,industry_9f1b516cac36bd35,BELONGS_TO_INDUSTRY
job_eb3dbea0981af154,industry_60ef59393f35f702,BELONGS_TO_INDUSTRY
job_bdcfba1bbf410d2e,industry_18a5e247599038bf,BELONGS_TO_INDUSTRY
job_45c0014d002b2441,industry_a6c6df233c8eecc5,BELONGS_TO_INDUSTRY
job_05360c01c2884c0f,industry_1d2f21c586edc274,BELONGS_TO_INDUSTRY
job_9fa52e0a2da60a36,industry_7c8f96b65211ee7e,BELONGS_TO_INDUSTRY
job_05360c01c2884c0f,industry_a8e8480c3755f80b,BELONGS_TO_INDUSTRY
job_3a5fa7768ca17150,industry_6eec3c5fdf8d905f,BELONGS_TO_INDUSTRY
job_6c9333a2f8189af5,industry_331b962f357114f3,BELONGS_TO_INDUSTRY
job_13b4e06b73fe2f6d,industry_200945027317732e,BELONGS_TO_INDUSTRY
job_2899702b726f1bbc,industry_0b7c760665070673,BELONGS_TO_INDUSTRY
job_8fd2e93c20a6cb9c,industry_0e353f6aab5e7aa6,BELONGS_TO_INDUSTRY
job_cd2fec21f8eb7370,industry_31640455b063a835,BELONGS_TO_INDUSTRY
job_2eb49af2b11d1f42,industry_a05131268dab7df3,BELONGS_TO_INDUSTRY
job_b647b2ff687cce63,industry_612af4cab443ab95,BELONGS_TO_INDUSTRY
job_b0236788176e25e8,industry_cbfb3b11996bd404,BELONGS_TO_INDUSTRY
job_0973384dd5cd70c7,industry_a2fac045945aa8bb,BELONGS_TO_INDUSTRY
job_cd2fec21f8eb7370,industry_83aab5938be92730,BELONGS_TO_INDUSTRY
job_b0236788176e25e8,industry_194cce02eb85c9a3,BELONGS_TO_INDUSTRY
job_cd2fec21f8eb7370,industry_cf8e812d8b19cc7c,BELONGS_TO_INDUSTRY
job_b3b8330c883382e2,industry_2a9afada391701a2,BELONGS_TO_INDUSTRY
job_b647b2ff687cce63,industry_adcac720c5665bc5,BELONGS_TO_INDUSTRY
job_2899702b726f1bbc,industry_c3748a683269e3d9,BELONGS_TO_INDUSTRY
job_1345f77a5e9f3679,industry_1b62dd58f918fbe7,BELONGS_TO_INDUSTRY
job_d751bc4305e88659,industry_a9022604f69c5fd4,BELONGS_TO_INDUSTRY
job_169613d0b39d1779,industry_3842ee3e43958041,BELONGS_TO_INDUSTRY
job_13b4e06b73fe2f6d,industry_1466d1d521dc87e2,BELONGS_TO_INDUSTRY
job_b647b2ff687cce63,industry_edf5b6f666c97ae5,BELONGS_TO_INDUSTRY
job_b3b8330c883382e2,industry_b4a18b7140b7a283,BELONGS_TO_INDUSTRY
job_169613d0b39d1779,industry_dd2785e67e7675b9,BELONGS_TO_INDUSTRY
job_2eb49af2b11d1f42,industry_87999135cf7bc0f7,BELONGS_TO_INDUSTRY
job_8d8c65e04f25c1f8,industry_be49e542523d1544,BELONGS_TO_INDUSTRY
job_1345f77a5e9f3679,industry_ae4a1b945d3e0978,BELONGS_TO_INDUSTRY
job_2eb49af2b11d1f42,industry_f81331fdf66577ea,BELONGS_TO_INDUSTRY
job_3a5fa7768ca17150,industry_dc7ae4a01bb81c7a,BELONGS_TO_INDUSTRY
job_13b4e06b73fe2f6d,industry_129ff22fb9328544,BELONGS_TO_INDUSTRY
job_d751bc4305e88659,industry_8f8cc3eee684a125,BELONGS_TO_INDUSTRY
job_b647b2ff687cce63,industry_6eec3c5fdf8d905f,BELONGS_TO_INDUSTRY
job_864675fae7fe40e4,industry_0b7c760665070673,BELONGS_TO_INDUSTRY
job_eb3dbea0981af154,industry_848aa42fc4f5efd5,BELONGS_TO_INDUSTRY
job_7f69d84724c9c614,industry_47177ac07f7c77d2,BELONGS_TO_INDUSTRY
job_0973384dd5cd70c7,industry_f27b59fafea3e9ff,BELONGS_TO_INDUSTRY
job_9fa52e0a2da60a36,industry_3f2aefec9fd4623c,BELONGS_TO_INDUSTRY
job_05360c01c2884c0f,industry_e81dec38a50eb432,BELONGS_TO_INDUSTRY
job_1345f77a5e9f3679,industry_7c5452649182e40f,BELONGS_TO_INDUSTRY
job_190a13c69bcd01e8,industry_1a434f73f51992bb,BELONGS_TO_INDUSTRY
job_3a5fa7768ca17150,industry_a2fac045945aa8bb,BELONGS_TO_INDUSTRY
job_7f69d84724c9c614,industry_233cc5eb332b3cb1,BELONGS_TO_INDUSTRY
job_7f69d84724c9c614,industry_6106cc8de35af1e2,BELONGS_TO_INDUSTRY
job_b0236788176e25e8,industry_0bb5a89a1815ad0e,BELONGS_TO_INDUSTRY
job_d751bc4305e88659,industry_7c8f96b65211ee7e,BELONGS_TO_INDUSTRY
job_2eb49af2b11d1f42,industry_cf8e812d8b19cc7c,BELONGS_TO_INDUSTRY
job_b04f2101dd1ddb9e,industry_b22379170d980755,BELONGS_TO_INDUSTRY
job_05360c01c2884c0f,industry_c23db19e866f92a0,BELONGS_TO_INDUSTRY
job_eb3dbea0981af154,industry_599375a253f92b1c,BELONGS_TO_INDUSTRY
job_b647b2ff687cce63,industry_65ec2b4bb8bb7c2e,BELONGS_TO_INDUSTRY
job_05360c01c2884c0f,industry_004f7ba874aab03e,BELONGS_TO_INDUSTRY
job_05360c01c2884c0f,industry_56497356ca1173f6,BELONGS_TO_INDUSTRY
job_b647b2ff687cce63,industry_b72ff3f8187765d3,BELONGS_TO_INDUSTRY
job_eb3dbea0981af154,industry_1975bbb50d54f785,BELONGS_TO_INDUSTRY
job_bdcfba1bbf410d2e,industry_80b2b88d61cce0bf,BELONGS_TO_INDUSTRY
job_8fd2e93c20a6cb9c,industry_a4d0ed65fa39884f,BELONGS_TO_INDUSTRY
job_b3b8330c883382e2,industry_7df18974b2ad2355,BELONGS_TO_INDUSTRY
job_169613d0b39d1779,industry_4393ca23a4b4f50d,BELONGS_TO_INDUSTRY
job_a30ef424ca18342c,industry_3872b7e46400a52a,BELONGS_TO_INDUSTRY
job_9fa52e0a2da60a36,industry_12d0756cb3750aa0,BELONGS_TO_INDUSTRY
job_13b4e06b73fe2f6d,industry_4170263606f0ffa1,BELONGS_TO_INDUSTRY
job_b04f2101dd1ddb9e,industry_200945027317732e,BELONGS_TO_INDUSTRY
job_04aea8834ee4f6d8,industry_d3bcc7e6418113fd,BELONGS_TO_INDUSTRY
job_2899702b726f1bbc,industry_ae4a1b945d3e0978,BELONGS_TO_INDUSTRY
job_fa668a72b1ae10cd,industry_022e840809965d54,BELONGS_TO_INDUSTRY
job_8fd2e93c20a6cb9c,industry_f42fb302711e090a,BELONGS_TO_INDUSTRY
job_45c0014d002b2441,industry_6be0160b524760a4,BELONGS_TO_INDUSTRY
job_04aea8834ee4f6d8,industry_4092a1118b943196,BELONGS_TO_INDUSTRY
job_b647b2ff687cce63,industry_ea3e4dbddf7f17ad,BELONGS_TO_INDUSTRY
job_eb3dbea0981af154,industry_213c1f7b226f5ed1,BELONGS_TO_INDUSTRY
job_05360c01c2884c0f,industry_7c8f96b65211ee7e,BELONGS_TO_INDUSTRY
job_6c9333a2f8189af5,industry_dd18b6f04218c662,BELONGS_TO_INDUSTRY
job_b647b2ff687cce63,industry_972fa80ab4c81cd5,BELONGS_TO_INDUSTRY
job_a30ef424ca18342c,industry_a67309b45c99d9c5,BELONGS_TO_INDUSTRY
job_3a5fa7768ca17150,industry_b375e700eb3baffc,BELONGS_TO_INDUSTRY
job_05360c01c2884c0f,industry_f81331fdf66577ea,BELONGS_TO_INDUSTRY
job_aabdf996c696374d,industry_0b7c760665070673,BELONGS_TO_INDUSTRY
job_e7bf21c3293048cb,industry_dd18b6f04218c662,BELONGS_TO_INDUSTRY
job_3a5fa7768ca17150,industry_bf6626f4d96eb9fc,BELONGS_TO_INDUSTRY
job_2899702b726f1bbc,industry_178523105852c374,BELONGS_TO_INDUSTRY
job_a3c4c06d0aa660fb,industry_f42fb302711e090a,BELONGS_TO_INDUSTRY
job_e0b7fbae4b6d484e,industry_d2624f949680948c,BELONGS_TO_INDUSTRY
job_8d8c65e04f25c1f8,industry_c12fe74b5d8243ca,BELONGS_TO_INDUSTRY
job_05360c01c2884c0f,industry_69512f96f2cf68cd,BELONGS_TO_INDUSTRY
job_b0236788176e25e8,industry_ed424450772376f9,BELONGS_TO_INDUSTRY
job_05360c01c2884c0f,industry_6eec3c5fdf8d905f,BELONGS_TO_INDUSTRY
job_2899702b726f1bbc,industry_200945027317732e,BELONGS_TO_INDUSTRY
job_bdcfba1bbf410d2e,industry_49278dbf3cb8002f,BELONGS_TO_INDUSTRY
job_d751bc4305e88659,industry_93a5def1ef701857,BELONGS_TO_INDUSTRY
job_1345f77a5e9f3679,industry_78bc4234b8c66c54,BELONGS_TO_INDUSTRY
job_eb3dbea0981af154,industry_e6fc41fecea4aa88,BELONGS_TO_INDUSTRY
job_bdcfba1bbf410d2e,industry_96f39ab1d5936290,BELONGS_TO_INDUSTRY
job_a30ef424ca18342c,industry_4dd57e6823b7fb99,BELONGS_TO_INDUSTRY
job_05360c01c2884c0f,industry_a1438975db00efa1,BELONGS_TO_INDUSTRY
job_b647b2ff687cce63,industry_84eed681e6e0ff97,BELONGS_TO_INDUSTRY
job_a3c4c06d0aa660fb,industry_b4a3e44b5bf56c72,BELONGS_TO_INDUSTRY
job_05360c01c2884c0f,industry_200945027317732e,BELONGS_TO_INDUSTRY
job_05360c01c2884c0f,industry_78c006b34de4152f,BELONGS_TO_INDUSTRY
job_190a13c69bcd01e8,industry_3a89bd8022148190,BELONGS_TO_INDUSTRY
job_fa668a72b1ae10cd,industry_ac671ffa32390020,BELONGS_TO_INDUSTRY
job_3a5fa7768ca17150,industry_0ea23cb5b3390775,BELONGS_TO_INDUSTRY
job_b04f2101dd1ddb9e,industry_e427b1aedad44472,BELONGS_TO_INDUSTRY
job_169613d0b39d1779,industry_df3203a5a4accd04,BELONGS_TO_INDUSTRY
job_05360c01c2884c0f,industry_c4fad4d165cfbaf6,BELONGS_TO_INDUSTRY
job_169613d0b39d1779,industry_65106cf2c128ab57,BELONGS_TO_INDUSTRY
job_e7bf21c3293048cb,industry_71fc4a0fa16a3b7a,BELONGS_TO_INDUSTRY
job_3a5fa7768ca17150,industry_cbfb3b11996bd404,BELONGS_TO_INDUSTRY
job_9fa52e0a2da60a36,industry_a2fac045945aa8bb,BELONGS_TO_INDUSTRY
job_16ad867ce3876074,industry_12d0756cb3750aa0,BELONGS_TO_INDUSTRY
job_b647b2ff687cce63,industry_8cb4cb4775cbdd08,BELONGS_TO_INDUSTRY
job_aabdf996c696374d,industry_bbfa4047818efb28,BELONGS_TO_INDUSTRY
job_190a13c69bcd01e8,industry_c00eca71f6d6d9d7,BELONGS_TO_INDUSTRY
job_864675fae7fe40e4,industry_c6ae0c6df594613f,BELONGS_TO_INDUSTRY
job_04aea8834ee4f6d8,industry_99e9da685714d2f5,BELONGS_TO_INDUSTRY
job_45c0014d002b2441,industry_da89135649a6533f,BELONGS_TO_INDUSTRY
job_8fd2e93c20a6cb9c,industry_a2fac045945aa8bb,BELONGS_TO_INDUSTRY
job_13b4e06b73fe2f6d,industry_c63577551e485394,BELONGS_TO_INDUSTRY
job_05360c01c2884c0f,industry_dd18b6f04218c662,BELONGS_TO_INDUSTRY
job_2eeb8e13a8e39941,industry_7c8f96b65211ee7e,BELONGS_TO_INDUSTRY
job_bdcfba1bbf410d2e,industry_5876dae1354c7622,BELONGS_TO_INDUSTRY
job_8fd2e93c20a6cb9c,industry_91f2d63d71f4f66f,BELONGS_TO_INDUSTRY
job_2899702b726f1bbc,industry_71fc4a0fa16a3b7a,BELONGS_TO_INDUSTRY
job_169613d0b39d1779,industry_4db7fd1b12b1a99c,BELONGS_TO_INDUSTRY
job_8d8c65e04f25c1f8,industry_200945027317732e,BELONGS_TO_INDUSTRY
job_190a13c69bcd01e8,industry_200945027317732e,BELONGS_TO_INDUSTRY
job_05360c01c2884c0f,industry_ef49248841887873,BELONGS_TO_INDUSTRY
job_2899702b726f1bbc,industry_bf6626f4d96eb9fc,BELONGS_TO_INDUSTRY
job_8d8c65e04f25c1f8,industry_0b7c760665070673,BELONGS_TO_INDUSTRY
job_cfce5a26d8af9321,industry_da1fd0483cc3ae58,BELONGS_TO_INDUSTRY
job_03e5f6eca9c9aa3c,industry_1e16329ebce6a64d,BELONGS_TO_INDUSTRY
job_b04f2101dd1ddb9e,industry_4ded0541b052ab99,BELONGS_TO_INDUSTRY
job_0973384dd5cd70c7,industry_8991f2892f8d6453,BELONGS_TO_INDUSTRY
job_3a5fa7768ca17150,industry_b73b757f8ac049aa,BELONGS_TO_INDUSTRY
job_fa668a72b1ae10cd,industry_7324d67bf9f43397,BELONGS_TO_INDUSTRY
job_13b4e06b73fe2f6d,industry_3918d00de567dba4,BELONGS_TO_INDUSTRY
job_13b4e06b73fe2f6d,industry_44a36fcb0f0ed38a,BELONGS_TO_INDUSTRY
job_13b4e06b73fe2f6d,industry_39c8cf9766686404,BELONGS_TO_INDUSTRY
job_03e5f6eca9c9aa3c,industry_18b5b1293cbd4a2e,BELONGS_TO_INDUSTRY
job_eb3dbea0981af154,industry_da1fd0483cc3ae58,BELONGS_TO_INDUSTRY
job_e7bf21c3293048cb,industry_8e1d4bd74ba6b520,BELONGS_TO_INDUSTRY
job_fa668a72b1ae10cd,industry_12d0756cb3750aa0,BELONGS_TO_INDUSTRY
job_8d8c65e04f25c1f8,industry_94823adfd68059e0,BELONGS_TO_INDUSTRY
