:START_ID(Job-ID),:END_ID(Job-ID),:TYPE,reason,confidence
job_4c14765528b76b65,job_8bd26af85714193a,TRANSFER_TO,,
job_4c14765528b76b65,job_389fc90ce1dc74c0,TRANSFER_TO,,
job_4c14765528b76b65,job_56f5e25b546bb8d4,TRANSFER_TO,,
job_4c14765528b76b65,job_eae351a44fc68f18,TRANSFER_TO,,
job_4c14765528b76b65,job_6c51904dbc04fc00,TRANSFER_TO,,
job_4c14765528b76b65,job_59616b5fe264a754,TRANSFER_TO,,
job_93f725a07423fe1c,job_089bf2165ee6fa49,TRANSFER_TO,,
job_93f725a07423fe1c,job_b7e1fa68b27b7546,TRANSFER_TO,,
job_93f725a07423fe1c,job_0c7f4452d8d2a448,TRANSFER_TO,,
job_93f725a07423fe1c,job_6aad4d7dc3bbe932,TRANSFER_TO,,
job_93f725a07423fe1c,job_71d78d7ebbf697d0,TRANSFER_TO,,
job_93f725a07423fe1c,job_b81c0f254566bff5,TRANSFER_TO,,
job_99a272194eb867ea,job_8bd26af85714193a,TRANSFER_TO,,
job_99a272194eb867ea,job_eae351a44fc68f18,TRANSFER_TO,,
job_99a272194eb867ea,job_f12690e0edff7557,TRANSFER_TO,,
job_99a272194eb867ea,job_59616b5fe264a754,TRANSFER_TO,,
job_99a272194eb867ea,job_b81c0f254566bff5,TRANSFER_TO,,
job_4142cecaac11f927,job_607966028e552e6c,TRANSFER_TO,,
job_4142cecaac11f927,job_1b4035aa655a9464,TRANSFER_TO,,
job_4142cecaac11f927,job_5eecfeda0532f03f,TRANSFER_TO,,
job_4142cecaac11f927,job_8270f5f98cb0a0dc,TRANSFER_TO,,
job_4142cecaac11f927,job_57c70c39b0367316,TRANSFER_TO,,
job_4142cecaac11f927,job_2e87ec63a38a6a9b,TRANSFER_TO,,
job_f76ae5ed9254dcc0,job_8bd26af85714193a,TRANSFER_TO,,
job_f76ae5ed9254dcc0,job_23923836633ce700,TRANSFER_TO,,
job_f76ae5ed9254dcc0,job_dd06d2e8c8934f27,TRANSFER_TO,,
job_f76ae5ed9254dcc0,job_e26f7af0cee35ab1,TRANSFER_TO,,
job_f76ae5ed9254dcc0,job_bd4583ba80d1d47e,TRANSFER_TO,,
job_3c4f968cb95317e0,job_8bd26af85714193a,TRANSFER_TO,,
job_3c4f968cb95317e0,job_20ccced7a6a58e2f,TRANSFER_TO,,
job_3c4f968cb95317e0,job_19ecc3ac98dd2b63,TRANSFER_TO,,
job_3c4f968cb95317e0,job_bd4583ba80d1d47e,TRANSFER_TO,,
job_3c4f968cb95317e0,job_f12690e0edff7557,TRANSFER_TO,,
job_cf31214be2321080,job_389fc90ce1dc74c0,TRANSFER_TO,,
job_cf31214be2321080,job_56f5e25b546bb8d4,TRANSFER_TO,,
job_cf31214be2321080,job_e8cf9de217124223,TRANSFER_TO,,
job_cf31214be2321080,job_bd839db0d5d95134,TRANSFER_TO,,
job_cf31214be2321080,job_3c4f968cb95317e0,TRANSFER_TO,,
job_cf31214be2321080,job_59616b5fe264a754,TRANSFER_TO,,
job_c022617a8d3fb9ea,job_d4c3d165efcd5ac5,TRANSFER_TO,,
job_c022617a8d3fb9ea,job_fac7449ebd1051b9,TRANSFER_TO,,
job_c022617a8d3fb9ea,job_be2a54ba32bbd7f7,TRANSFER_TO,,
job_c022617a8d3fb9ea,job_6aad4d7dc3bbe932,TRANSFER_TO,,
job_c022617a8d3fb9ea,job_b7d5cab835810059,TRANSFER_TO,,
job_c022617a8d3fb9ea,job_f5968626065d0eb0,TRANSFER_TO,,
job_c022617a8d3fb9ea,job_97e6f361e36e8f34,TRANSFER_TO,,
job_c022617a8d3fb9ea,job_679019af9a27ace6,TRANSFER_TO,,
job_b0236788176e25e8,job_99317f8b70042166,TRANSFER_TO,,
job_b0236788176e25e8,job_55a66059970b0823,TRANSFER_TO,,
job_b0236788176e25e8,job_3a8afa4cbe2e2a25,TRANSFER_TO,,
job_b0236788176e25e8,job_4f80b4081a222a09,TRANSFER_TO,,
job_b0236788176e25e8,job_4633ca1acaf40919,TRANSFER_TO,,
job_13b4e06b73fe2f6d,job_d17259acdd60ce0c,TRANSFER_TO,,
job_13b4e06b73fe2f6d,job_d926a79a1b43e834,TRANSFER_TO,,
job_13b4e06b73fe2f6d,job_ad2c55708e990b1a,TRANSFER_TO,,
job_13b4e06b73fe2f6d,job_071d0f06ca131aaf,TRANSFER_TO,,
job_13b4e06b73fe2f6d,job_46cdf6189f45ba03,TRANSFER_TO,,
job_eb3dbea0981af154,job_21db8e3ce39a4e39,TRANSFER_TO,,
job_eb3dbea0981af154,job_2913e61e0843ecf0,TRANSFER_TO,,
job_eb3dbea0981af154,job_302599fc00627af9,TRANSFER_TO,,
job_eb3dbea0981af154,job_491d93fa64ada221,TRANSFER_TO,,
job_eb3dbea0981af154,job_dfe2185660540e93,TRANSFER_TO,,
job_fa668a72b1ae10cd,job_7f72e8fe08cc7d24,TRANSFER_TO,,
job_fa668a72b1ae10cd,job_c6fe604ed0969a78,TRANSFER_TO,,
job_fa668a72b1ae10cd,job_ea802358f3fd1e88,TRANSFER_TO,,
job_fa668a72b1ae10cd,job_08e7ccd77f85e7c0,TRANSFER_TO,,
job_fa668a72b1ae10cd,job_491d93fa64ada221,TRANSFER_TO,,
job_b3b8330c883382e2,job_44569df46bafff89,TRANSFER_TO,,
job_b3b8330c883382e2,job_3a8afa4cbe2e2a25,TRANSFER_TO,,
job_b3b8330c883382e2,job_4f80b4081a222a09,TRANSFER_TO,,
job_b3b8330c883382e2,job_08e7ccd77f85e7c0,TRANSFER_TO,,
job_aca446cd16fece9b,job_cf6f9081ce837fdc,TRANSFER_TO,,
job_aca446cd16fece9b,job_304ecbf7076c0fc7,TRANSFER_TO,,
job_aca446cd16fece9b,job_bd839db0d5d95134,TRANSFER_TO,,
job_aca446cd16fece9b,job_656c508bbf5e109a,TRANSFER_TO,,
job_aca446cd16fece9b,job_4c9dcca57920fd8d,TRANSFER_TO,,
job_aca446cd16fece9b,job_462c2dadba659b10,TRANSFER_TO,,
job_aca446cd16fece9b,job_f7614dfb140a39ae,TRANSFER_TO,,
job_04aea8834ee4f6d8,job_c6fe604ed0969a78,TRANSFER_TO,,
job_04aea8834ee4f6d8,job_3cae1de9372b9a18,TRANSFER_TO,,
job_04aea8834ee4f6d8,job_08e7ccd77f85e7c0,TRANSFER_TO,,
job_04aea8834ee4f6d8,job_4b8e96f883c0b1a5,TRANSFER_TO,,
job_1345f77a5e9f3679,job_8bd26af85714193a,TRANSFER_TO,,
job_1345f77a5e9f3679,job_86aa862865155509,TRANSFER_TO,,
job_1345f77a5e9f3679,job_69c95a649381b2a6,TRANSFER_TO,,
job_1345f77a5e9f3679,job_d9235fdfc33c6a93,TRANSFER_TO,,
job_1345f77a5e9f3679,job_522f75d379c9071f,TRANSFER_TO,,
job_aabdf996c696374d,job_64035866418ddb50,TRANSFER_TO,,
job_aabdf996c696374d,job_8b292c4cddb39179,TRANSFER_TO,,
job_aabdf996c696374d,job_59d695e0725c00e9,TRANSFER_TO,,
job_aabdf996c696374d,job_eee983773b5ced9e,TRANSFER_TO,,
job_aabdf996c696374d,job_b69b7a0afb18f1fc,TRANSFER_TO,,
job_aabdf996c696374d,job_1b76f9ae5d7984be,TRANSFER_TO,,
job_aabdf996c696374d,job_a50012d38c650260,TRANSFER_TO,,
job_aabdf996c696374d,job_bd839db0d5d95134,TRANSFER_TO,,
job_aabdf996c696374d,job_5c76a64ceef9b982,TRANSFER_TO,,
job_aabdf996c696374d,job_4c9dcca57920fd8d,TRANSFER_TO,,
job_bdcfba1bbf410d2e,job_8bd26af85714193a,TRANSFER_TO,,
job_bdcfba1bbf410d2e,job_69c95a649381b2a6,TRANSFER_TO,,
job_bdcfba1bbf410d2e,job_51f319df5a00ab66,TRANSFER_TO,,
job_bdcfba1bbf410d2e,job_4c9dcca57920fd8d,TRANSFER_TO,,
job_bdcfba1bbf410d2e,job_b81c0f254566bff5,TRANSFER_TO,,
job_16ad867ce3876074,job_7ce66332163576ea,TRANSFER_TO,,
job_16ad867ce3876074,job_d926a79a1b43e834,TRANSFER_TO,,
job_16ad867ce3876074,job_120e1ab6cd16e481,TRANSFER_TO,,
job_16ad867ce3876074,job_20e1b4b877863671,TRANSFER_TO,,
job_16ad867ce3876074,job_3cae1de9372b9a18,TRANSFER_TO,,
job_8d8c65e04f25c1f8,job_e7bf21c3293048cb,TRANSFER_TO,,
job_8d8c65e04f25c1f8,job_f4bfe68902ebcbed,TRANSFER_TO,,
job_190a13c69bcd01e8,job_3c800b5fdca330ce,TRANSFER_TO,,
job_190a13c69bcd01e8,job_8bd26af85714193a,TRANSFER_TO,,
job_190a13c69bcd01e8,job_2052cac44869a3fa,TRANSFER_TO,,
job_190a13c69bcd01e8,job_71c1e3d5a1602d41,TRANSFER_TO,,
job_190a13c69bcd01e8,job_b81c0f254566bff5,TRANSFER_TO,,
job_190a13c69bcd01e8,job_2913e61e0843ecf0,TRANSFER_TO,,
job_190a13c69bcd01e8,job_5c76a64ceef9b982,TRANSFER_TO,,
job_190a13c69bcd01e8,job_08e7ccd77f85e7c0,TRANSFER_TO,,
job_45c0014d002b2441,job_2913e61e0843ecf0,TRANSFER_TO,,
job_45c0014d002b2441,job_8b9838b945e79c29,TRANSFER_TO,,
job_45c0014d002b2441,job_08e7ccd77f85e7c0,TRANSFER_TO,,
job_45c0014d002b2441,job_b81c0f254566bff5,TRANSFER_TO,,
job_e7bf21c3293048cb,job_02a3bd1ed1d5ead2,TRANSFER_TO,,
job_e7bf21c3293048cb,job_b8344c583e7d9523,TRANSFER_TO,,
job_e7bf21c3293048cb,job_b7e3271f05850c97,TRANSFER_TO,,
job_e7bf21c3293048cb,job_13e355b04efe0016,TRANSFER_TO,,
job_e7bf21c3293048cb,job_436367b06614c1be,TRANSFER_TO,,
job_e7bf21c3293048cb,job_637872035e2c55e9,TRANSFER_TO,,
job_e7bf21c3293048cb,job_1b76f9ae5d7984be,TRANSFER_TO,,
job_e7bf21c3293048cb,job_ab94baf2dc7a494e,TRANSFER_TO,,
job_e7bf21c3293048cb,job_491d93fa64ada221,TRANSFER_TO,,
job_cd2fec21f8eb7370,job_c798b4a6a160b2d9,TRANSFER_TO,,
job_cd2fec21f8eb7370,job_86aa862865155509,TRANSFER_TO,,
job_cd2fec21f8eb7370,job_3704b7e3a4c93fb7,TRANSFER_TO,,
job_cd2fec21f8eb7370,job_69c95a649381b2a6,TRANSFER_TO,,
job_cd2fec21f8eb7370,job_b97ff800bb8a50cc,TRANSFER_TO,,
job_cd2fec21f8eb7370,job_7f72e8fe08cc7d24,TRANSFER_TO,,
job_cd2fec21f8eb7370,job_fd78d4985525eb84,TRANSFER_TO,,
job_cd2fec21f8eb7370,job_2913e61e0843ecf0,TRANSFER_TO,,
job_cd2fec21f8eb7370,job_9f38a0e86e444ea7,TRANSFER_TO,,
job_3a5fa7768ca17150,job_4b891cab55de2424,TRANSFER_TO,,
job_3a5fa7768ca17150,job_55a66059970b0823,TRANSFER_TO,,
job_3a5fa7768ca17150,job_3a8afa4cbe2e2a25,TRANSFER_TO,,
job_3a5fa7768ca17150,job_4f80b4081a222a09,TRANSFER_TO,,
job_3a5fa7768ca17150,job_dfe2185660540e93,TRANSFER_TO,,
job_169613d0b39d1779,job_cfc1bbdcb746fdfc,TRANSFER_TO,,
job_169613d0b39d1779,job_042681bd593070fc,TRANSFER_TO,,
job_169613d0b39d1779,job_c6fe604ed0969a78,TRANSFER_TO,,
job_169613d0b39d1779,job_aabdf996c696374d,TRANSFER_TO,,
job_169613d0b39d1779,job_c5b3998d410f69f0,TRANSFER_TO,,
job_6c9333a2f8189af5,job_7fa12073de6f8224,TRANSFER_TO,,
job_6c9333a2f8189af5,job_6450d84327e5a11b,TRANSFER_TO,,
job_6c9333a2f8189af5,job_fff0dadce6ae802b,TRANSFER_TO,,
job_6c9333a2f8189af5,job_26e8fc7ab461792d,TRANSFER_TO,,
job_6c9333a2f8189af5,job_b81c0f254566bff5,TRANSFER_TO,,
job_e0b7fbae4b6d484e,job_7ce66332163576ea,TRANSFER_TO,,
job_e0b7fbae4b6d484e,job_cf4c0a6d68b4d144,TRANSFER_TO,,
job_e0b7fbae4b6d484e,job_69c95a649381b2a6,TRANSFER_TO,,
job_e0b7fbae4b6d484e,job_2052cac44869a3fa,TRANSFER_TO,,
job_e0b7fbae4b6d484e,job_eccf5d2467ba6385,TRANSFER_TO,,
job_e0b7fbae4b6d484e,job_2913e61e0843ecf0,TRANSFER_TO,,
job_e0b7fbae4b6d484e,job_5c76a64ceef9b982,TRANSFER_TO,,
job_b647b2ff687cce63,job_a30ecf59a747e19b,TRANSFER_TO,,
job_b647b2ff687cce63,job_86aa862865155509,TRANSFER_TO,,
job_b647b2ff687cce63,job_56f5e25b546bb8d4,TRANSFER_TO,,
job_b647b2ff687cce63,job_69c95a649381b2a6,TRANSFER_TO,,
job_b647b2ff687cce63,job_eae351a44fc68f18,TRANSFER_TO,,
job_2899702b726f1bbc,job_bd839db0d5d95134,TRANSFER_TO,,
job_2899702b726f1bbc,job_2913e61e0843ecf0,TRANSFER_TO,,
job_2899702b726f1bbc,job_656c508bbf5e109a,TRANSFER_TO,,
job_2899702b726f1bbc,job_4b8e96f883c0b1a5,TRANSFER_TO,,
job_2899702b726f1bbc,job_b81c0f254566bff5,TRANSFER_TO,,
job_d751bc4305e88659,job_af91e3b998a8de20,TRANSFER_TO,,
job_d751bc4305e88659,job_843c9f261d29d062,TRANSFER_TO,,
job_d751bc4305e88659,job_8e2e70786b362f08,TRANSFER_TO,,
job_d751bc4305e88659,job_bb7f3b69deb6cfdc,TRANSFER_TO,,
job_d751bc4305e88659,job_e7bf21c3293048cb,TRANSFER_TO,,
job_d751bc4305e88659,job_17e8af7cf8a187d8,TRANSFER_TO,,
job_a3c4c06d0aa660fb,job_247b150c9d9e7d05,TRANSFER_TO,,
job_a3c4c06d0aa660fb,job_5fd972ec0b6ae179,TRANSFER_TO,,
job_a3c4c06d0aa660fb,job_3c4f968cb95317e0,TRANSFER_TO,,
job_a3c4c06d0aa660fb,job_cc10117749e5734b,TRANSFER_TO,,
job_2eb49af2b11d1f42,job_8bd26af85714193a,TRANSFER_TO,,
job_2eb49af2b11d1f42,job_7ce66332163576ea,TRANSFER_TO,,
job_2eb49af2b11d1f42,job_0bee908be99da1d7,TRANSFER_TO,,
job_2eb49af2b11d1f42,job_bc6dc66048e0d53e,TRANSFER_TO,,
job_2eb49af2b11d1f42,job_3cae1de9372b9a18,TRANSFER_TO,,
job_2eb49af2b11d1f42,job_16ad867ce3876074,TRANSFER_TO,,
job_0958f7936b560695,job_7f72e8fe08cc7d24,TRANSFER_TO,,
job_0958f7936b560695,job_ea802358f3fd1e88,TRANSFER_TO,,
job_0958f7936b560695,job_2913e61e0843ecf0,TRANSFER_TO,,
job_0958f7936b560695,job_6afe4426bd3dcdcf,TRANSFER_TO,,
job_0973384dd5cd70c7,job_85752eae0913f15c,TRANSFER_TO,,
job_0973384dd5cd70c7,job_79b01830b900d5f3,TRANSFER_TO,,
job_0973384dd5cd70c7,job_f66d676d338a2815,TRANSFER_TO,,
job_0973384dd5cd70c7,job_5d71dbe60854d5e7,TRANSFER_TO,,
job_0973384dd5cd70c7,job_855077404e00cfdc,TRANSFER_TO,,
job_864675fae7fe40e4,job_2899702b726f1bbc,TRANSFER_TO,,
job_864675fae7fe40e4,job_fd78d4985525eb84,TRANSFER_TO,,
job_864675fae7fe40e4,job_2913e61e0843ecf0,TRANSFER_TO,,
job_864675fae7fe40e4,job_8a958df2f39ab07c,TRANSFER_TO,,
job_864675fae7fe40e4,job_458751f64ab6e716,TRANSFER_TO,,
job_05360c01c2884c0f,job_8bd26af85714193a,TRANSFER_TO,,
job_05360c01c2884c0f,job_69c95a649381b2a6,TRANSFER_TO,,
job_05360c01c2884c0f,job_d34b19bd572a3e11,TRANSFER_TO,,
job_05360c01c2884c0f,job_656c508bbf5e109a,TRANSFER_TO,,
job_05360c01c2884c0f,job_2d80ff61e93a2c82,TRANSFER_TO,,
job_0f21fcc344e370fe,job_be3a7dbe69c96a06,TRANSFER_TO,,
job_0f21fcc344e370fe,job_59de819ee551d090,TRANSFER_TO,,
job_0f21fcc344e370fe,job_6c53af0d18f3ee61,TRANSFER_TO,,
job_0f21fcc344e370fe,job_a1026b507a93b859,TRANSFER_TO,,
job_0f21fcc344e370fe,job_fa63c27188871c66,TRANSFER_TO,,
job_7f69d84724c9c614,job_ad305be33092524b,TRANSFER_TO,,
job_7f69d84724c9c614,job_9541d940f02bdd2b,TRANSFER_TO,,
job_7f69d84724c9c614,job_ca6846c33a3acf4a,TRANSFER_TO,,
job_7f69d84724c9c614,job_1e5c6763c2cf4983,TRANSFER_TO,,
job_7f69d84724c9c614,job_ee28e7ac3d4ff6fc,TRANSFER_TO,,
job_7f69d84724c9c614,job_9666523a3f196bd0,TRANSFER_TO,,
job_7f69d84724c9c614,job_c903abb7664ee8b2,TRANSFER_TO,,
job_7f69d84724c9c614,job_70b68548ffa98be4,TRANSFER_TO,,
job_7f69d84724c9c614,job_aefb85d8250a3e83,TRANSFER_TO,,
job_7f69d84724c9c614,job_f0e5f6809ce2cfa9,TRANSFER_TO,,
job_9fa52e0a2da60a36,job_7ce66332163576ea,TRANSFER_TO,,
job_9fa52e0a2da60a36,job_d926a79a1b43e834,TRANSFER_TO,,
job_9fa52e0a2da60a36,job_2052cac44869a3fa,TRANSFER_TO,,
job_9fa52e0a2da60a36,job_6c51904dbc04fc00,TRANSFER_TO,,
job_9fa52e0a2da60a36,job_3cae1de9372b9a18,TRANSFER_TO,,
job_9fa52e0a2da60a36,job_2913e61e0843ecf0,TRANSFER_TO,,
job_9fa52e0a2da60a36,job_5c76a64ceef9b982,TRANSFER_TO,,
job_7c734d8dbd7cefc0,job_3c800b5fdca330ce,TRANSFER_TO,,
job_7c734d8dbd7cefc0,job_ebb01ddd11823685,TRANSFER_TO,,
job_7c734d8dbd7cefc0,job_398b8b512d2de888,TRANSFER_TO,,
job_7c734d8dbd7cefc0,job_ebf65c05fe863124,TRANSFER_TO,,
job_7c734d8dbd7cefc0,job_b81c0f254566bff5,TRANSFER_TO,,
job_a30ef424ca18342c,job_8bd26af85714193a,TRANSFER_TO,,
job_a30ef424ca18342c,job_3de4d70d4a2c0d6b,TRANSFER_TO,,
job_a30ef424ca18342c,job_69c95a649381b2a6,TRANSFER_TO,,
job_a30ef424ca18342c,job_2913e61e0843ecf0,TRANSFER_TO,,
job_a30ef424ca18342c,job_656c508bbf5e109a,TRANSFER_TO,,
job_026f1ca8b5d14b87,job_c719f22cdfc9af1c,TRANSFER_TO,,
job_026f1ca8b5d14b87,job_79b01830b900d5f3,TRANSFER_TO,,
job_026f1ca8b5d14b87,job_6d3ed2e84c2512cc,TRANSFER_TO,,
job_026f1ca8b5d14b87,job_96f5e6b0485e06ed,TRANSFER_TO,,
job_026f1ca8b5d14b87,job_117053a78686b1cf,TRANSFER_TO,,
job_2eeb8e13a8e39941,job_37d11f47518f0a84,TRANSFER_TO,,
job_2eeb8e13a8e39941,job_26151d81d622040a,TRANSFER_TO,,
job_2eeb8e13a8e39941,job_79b01830b900d5f3,TRANSFER_TO,,
job_2eeb8e13a8e39941,job_42ccc7d70d683ffc,TRANSFER_TO,,
job_2eeb8e13a8e39941,job_457f2b7036c8c829,TRANSFER_TO,,
job_b04f2101dd1ddb9e,job_20e1b4b877863671,TRANSFER_TO,,
job_b04f2101dd1ddb9e,job_5b3d4a261a75cef2,TRANSFER_TO,,
job_b04f2101dd1ddb9e,job_3cae1de9372b9a18,TRANSFER_TO,,
job_b04f2101dd1ddb9e,job_4b8e96f883c0b1a5,TRANSFER_TO,,
job_830cb212a6df619f,job_7ce66332163576ea,TRANSFER_TO,,
job_830cb212a6df619f,job_9f38a0e86e444ea7,TRANSFER_TO,,
job_830cb212a6df619f,job_6450d84327e5a11b,TRANSFER_TO,,
job_830cb212a6df619f,job_3cae1de9372b9a18,TRANSFER_TO,,
job_cfce5a26d8af9321,job_aa864d25d32938b6,TRANSFER_TO,,
job_cfce5a26d8af9321,job_370d43c6cfb726e6,TRANSFER_TO,,
job_cfce5a26d8af9321,job_dab2d7b77dd03dbd,TRANSFER_TO,,
job_cfce5a26d8af9321,job_5438637aa19de040,TRANSFER_TO,,
job_cfce5a26d8af9321,job_d960674146955a70,TRANSFER_TO,,
job_cfce5a26d8af9321,job_117053a78686b1cf,TRANSFER_TO,,
job_cfce5a26d8af9321,job_79b01830b900d5f3,TRANSFER_TO,,
job_cfce5a26d8af9321,job_f6a5e4cb99beaaf4,TRANSFER_TO,,
job_cfce5a26d8af9321,job_09273440b8a6bce3,TRANSFER_TO,,
job_cfce5a26d8af9321,job_5c76a64ceef9b982,TRANSFER_TO,,
job_8fd2e93c20a6cb9c,job_17ca7fb8bde96969,TRANSFER_TO,,
job_8fd2e93c20a6cb9c,job_c6fe604ed0969a78,TRANSFER_TO,,
job_8fd2e93c20a6cb9c,job_ea802358f3fd1e88,TRANSFER_TO,,
job_8fd2e93c20a6cb9c,job_08e7ccd77f85e7c0,TRANSFER_TO,,
job_8fd2e93c20a6cb9c,job_491d93fa64ada221,TRANSFER_TO,,
job_03e5f6eca9c9aa3c,job_3c800b5fdca330ce,TRANSFER_TO,,
job_03e5f6eca9c9aa3c,job_8bd26af85714193a,TRANSFER_TO,,
job_03e5f6eca9c9aa3c,job_2052cac44869a3fa,TRANSFER_TO,,
job_03e5f6eca9c9aa3c,job_71c1e3d5a1602d41,TRANSFER_TO,,
job_03e5f6eca9c9aa3c,job_b81c0f254566bff5,TRANSFER_TO,,
job_03e5f6eca9c9aa3c,job_2913e61e0843ecf0,TRANSFER_TO,,
job_03e5f6eca9c9aa3c,job_5c76a64ceef9b982,TRANSFER_TO,,
job_03e5f6eca9c9aa3c,job_08e7ccd77f85e7c0,TRANSFER_TO,,
